"Gardiner Lessons 2 to 33","Hans Mion","22.7.2004","mionh@hispeed.ch","","",""
"L","E","O34( 0, 0) - X1( 60, 555) - B1( 495, 120) ","O34 - X1 - B1 ","st","woman","G02v"
"L","E","J1( 210, 0) - D46( 0, 420) - P1( 840, 135) ","J1 - D46 - P1 ","xdi","fare downstream, northwards","G02v"
"L","E","D21( 0, 15) - D36( 0, 465) - N5( 990, 0) - Z1( 1095, 480) ","D21 - D36 - N5 - Z1 ","ra","sun, day","G02v"
"L","E","Q3( 60, 0) - X1( 405, 60) - N1( 0, 330) ","Q3 - X1 - N1 ","pt","sky, heaven","G02v"
"L","E","D46( 0, 0) - Q3( 120, 390) - X1( 435, 435) - P1( 945, 105) ","D46 - Q3 - X1 - P1 ","dpt","boat","G02v"
"L","E","Y3( 0, 0) - A1( 585, 30) ","Y3 - A1 ","sS","scribe","G02v"
"L","E","G43( 0, 15) - M17( 660, 0) - G1( 885, 0) - P4A( 1545, 165) ","G43 - M17 - G1 - P4A ","wiA","ship, bark, particularly divine ship","G02v"
"L","E","G43( 0, 0) - D58( 645, 0) - N35( 1170, 15) - N5( 1365, 270) ","G43 - D58 - N35 - N5 ","wbn","rise, shine forth","G02v"
"L","E","S29( 0, 0) - J1( 540, 30) - D21( 300, 435) - A2( 1095, 45) ","S29 - J1 - D21 - A2 ","sxr","plan, counsel","G02v"
"L","E","W11( 225, 0) - D21( 0, 525) - V28( 945, 0) - N2( 1215, 15) ","W11 - D21 - V28 - N2 ","grH","night","G02v"
"L","E","M17( 0, 0) - D36( 225, 225) - V28( 1095, 30) - N11A( 1395, 75) ","M17 - D36 - V28 - N11A ","iaH","moon","G02v"
"L","E","O34( 75, 0) - A1( 0, 240) - Z1( 600, 435) ","O34 - A1 - Z1 ","s","a man","G02v"
"L","E","N37( 0, 0) - N23( 105, 435) - Z1( 585, 390) ","N37 - N23 - Z1 ","S","lake, pool","G02v"
"L","E","D21( 0, 0) - J1( 225, 360) - Y1V( 870, 0) ","D21 - J1 - Y1V ","rx","become acquainted with, know","G02v"
"L","E","D21( 0, 60) - N37( 0, 450) - G43( 885, 75) - X1( 1350, 90) - D19( 1530, 300) - Y1V( 2175, 0) ","D21 - N37 - G43 - X1 - D19 - Y1V ","rSwt","joy","G02v"
"L","E","O1( 0, 0) - Z1( 240, 330) ","O1 - Z1 ","pr","house","G02v"
"L","E","N27( 15, 0) - X1( 0, 720) - Z1( 555, 645) ","N27 - X1 - Z1 ","Axt","horizon","G02v"
"L","E","F21( 0, 180) - G17( 555, 0) ","F21 - G17 ","sDm","hear (with n to), harken to, obey ( a person)","G02v"
"L","E","N16( 0, 0) - N23( 90, 390) - Z1( 540, 345) ","N16 - N23 - Z1 ","tA","earth, land","G02v"
"L","E","O4( 240, 0) - D21( 0, 615) - G43( 960, 75) - N5( 1605, 45) - Z1( 1725, 540) ","O4 - D21 - G43 - N5 - Z1 ","hrw","day, day-time","G02v"
"L","E","N35( 0, 0) - I10( 135, 165) - S29( 900, 165) - G37( 1125, 375) - A1( 1830, 195) ","N35 - I10 - S29 - G37 - A1 ","nDs","poor man, commoner","G02v"
"L","E","O49( 195, 0) - X1( 0, 465) - Z1( 465, 390) ","O49 - X1 - Z1 ","niwt","city, town","G02v"
"L","E","O4( 0, 165) - G1( 525, 0) - D54( 1335, 165) ","O4 - G1 - D54 ","hAi","go down, descend","G02v (verb  intransitive)"
"L","E","J1( 0, 165) - G17( 510, 0) - D35( 1425, 240) ","J1 - G17 - D35 ","xm","not know, be ignorant of","G02v (verb)"
"L","E","W11( 225, 0) - D21( 0, 435) - A2( 795, 30) ","W11 - D21 - A2 ","gr","be silent, cease","G02v (verb)"
"L","E","D28( 0, 0) - X1( 120, 645) - A9( 825, 90) ","D28 - X1 - A9 ","kAt","construction, work, device","G03v"
"L","E","G17( 0, 0) ","G17 ","m","in, with (of instrument), from, as, before suffixes im","G03v"
"L","E","G47( 0, 0) - X1( 810, 0) - Z1( 930, 435) - A1( 1320, 0) ","G47 - X1 - Z1 - A1 ","TAty","vizier","G03v"
"L","E","G39( 0, 0) - Z1( 675, 0) - A1( 930, 0) ","G39 - Z1 - A1 ","sA","son","G03v"
"L","E","G29( 0, 0) - V31( 795, 0) - A1( 1665, 0) ","G29 - V31 - A1 ","bAk","man-servant","G03v"
"L","E","O4( 0, 120) - G1( 480, 0) - D58( 1305, 15) - D54( 1815, 165) ","O4 - G1 - D58 - D54 ","hAb","send (someone, something)","G03v"
"L","E","V4( 0, 15) - G1( 930, 0) - X1( 1980, 30) - N31( 1710, 360) ","V4 - G1 - X1 - N31 ","wAt","road, way, side","G03v"
"L","E","M17( 0, 0) - X1( 480, 0) - D21( 285, 495) - G43( 1185, 0) - N35A( 1830, 75) ","M17 - X1 - D21 - G43 - N35A ","itrw","river","G03v"
"L","E","D21( 30, 0) - N37( 0, 435) - D19( 960, 105) - A2( 1590, 0) ","D21 - N37 - D19 - A2 ","rS","rejoice, be glad","G03v"
"L","E","M12( 0, 0) - G1( 435, 15) - O27( 1155, 105) ","M12 - G1 - O27 ","xA","office, hall, diwan","G03v"
"L","E","D21( 0, 0) - Z1( 345, 315) ","D21 - Z1 ","r","mouth, utterance","G03v"
"L","E","G29( 0, 0) - V31( 780, 15) - X1( 990, 435) - B1( 1560, 0) ","G29 - V31 - X1 - B1 ","bAkt","maid-servant","G03v"
"L","E","M17( 0, 30) - X1( 450, 90) - I9( 315, 405) - A1( 945, 0) ","M17 - X1 - I9 - A1 ","it","father","G03v"
"L","E","D2( 0, 0) - Z1( 135, 540) ","D2 - Z1 ","Hr","face, sight","G03v"
"L","E","G39( 0, 0) - X1( 930, 15) - B1( 1440, 0) ","G39 - X1 - B1 ","sAt","daughter","G03v"
"L","E","O34( 600, 0) - G17( 0, 180) - V28( 945, 195) - I3( 1215, 720) ","O34 - G17 - V28 - I3 ","msH","crocodile","G03v"
"L","E","O29( 0, 30) - D52( 15, 405) - E7( 945, 0) ","O29 - D52 - E7 ","aA","ass, donkey","G03v"
"L","E","S29( 0, 0) - N37( 255, 0) - X1( 270, 510) - U30( 735, 285) - G1( 1260, 15) - Y1V( 2085, 30) ","S29 - N37 - X1 - U30 - G1 - Y1V ","SstA","secret","G03v (adjective)"
"L","E","U2( 0, 0) - D4( 45, 540) - G1( 900, 0) - G1( 1725, 15) ","U2 - D4 - G1 - G1 ","mAA","see","G03v (intransitive)"
"L","E","D2( 0, 0) - Z1( 120, 435) ","D2 - Z1 ","Hr","upon,concerning, because of, before suffixes written Hr:r","G03v (prepostion with suffixes)"
"L","E","U28( 0, 0) - G1( 360, 0) - P1( 960, 120) ","U28 - G1 - P1 ","DAi","cross, ferry across","G03v (verb)"
"L","E","N35A( 0, 0) ","N35A ","mw","water","G04v"
"L","E","M17( 0, 0) - N29( 540, 30) - D21( 270, 525) - Y1V( 1230, 30) ","M17 - N29 - D21 - Y1V ","iqr","excellent","G04v"
"L","E","W19( 0, 0) - X1( 495, 15) - X1( 510, 510) - Y1V( 1035, 15) ","W19 - X1 - X1 - Y1V ","mitt","likeness, m mitt likewise","G04v"
"L","E","P6( 0, 105) - D36( 300, 0) - D54( 420, 345) ","P6 - D36 - D54 ","aHa","stand up, arise","G04v"
"L","E","M17( 0, 0) - U33( 300, 0) - M17( 600, 0) - M17( 900, 15) - A23( 1185, 15) ","M17 - U33 - M17 - M17 - A23 ","ity","sovereign, monarch","G04v"
"L","E","N28( 120, 0) - D36( 0, 465) - Y1V( 930, 30) ","N28 - D36 - Y1V ","xai","appear, shine (of sun, gods or king)","G04v"
"L","E","I1( 0, 0) - Z2( 60, 645) ","I1 - Z2 ","aSA","plentiful, rich, many","G04v"
"L","E","S34( 0, 0) - N35( 420, 45) - J1( 615, 300) ","S34 - N35 - J1 ","anx","live, life","G04v"
"L","E","F34( 0, 0) - Z1( 120, 375) ","F34 - Z1 ","ib","heart, wish","G04v"
"L","E","O29( 15, 0) - D36( 0, 405) - G1( 945, 15) - Y1V( 1755, 30) ","O29 - D36 - G1 - Y1V ","aA","great, large","G04v"
"L","E","X8( 0, 0) ","X8 ","rdi","give, place","G04v"
"L","E","D21( 0, 0) - X8( 225, 255) ","D21 - X8 ","rdi","give, place","G04v"
"L","E","F35( 0, 0) - I9( 330, 15) - D21( 240, 525) ","F35 - I9 - D21 ","nfr","good, beautiful, happy","G04v"
"L","E","V30( 0, 0) ","V30 ","nb","any, every, all","G04v"
"L","E","V30( 0, 0) - A1( 90, 255) ","V30 - A1 ","nb","lord, master","G04v"
"L","E","R4( 0, 0) - X1( 15, 420) - Q3( 585, 375) ","R4 - X1 - Q3 ","Htp","rest, go to rest, become at peace, set (of sun), peace (noun)","G04v"
"L","E","N26( 0, 225) - G43( 930, 0) - G37( 1575, 120) ","N26 - G43 - G37 ","Dw","evil, sad","G04v"
"L","E","D21( 30, 0) - D37( 0, 360) ","D21 - D37 ","rdi","give, place","G04v"
"L","E","D58( 0, 0) - M17( 525, 15) - N35( 780, 15) - G37( 795, 210) ","D58 - M17 - N35 - G37 ","bin","bad, miserable","G04v (adjective)"
"L","E","S29( 0, 0) - M12( 285, 15) - G1( 690, 30) - A2( 1500, 30) ","S29 - M12 - G1 - A2 ","sxi","remember","G04v (causative)"
"L","E","H6( 0, 0) - G43( 285, 15) - G37( 930, 225) ","H6 - G43 - G37 ","Sw","empty, free (with m of, from)","G04v (noun)"
"L","E","F32( 105, 0) - D21( 15, 210) - D46( 0, 450) - A17( 885, 75) ","F32 - D21 - D46 - A17 ","Xrd","child","G04v (noun)"
"L","E","W19( 0, 0) - M17( 345, 0) ","W19 - M17 ","mi","like","G04v (preposition)"
"L","E","N42( 15, 0) - X1( 0, 525) - B1( 570, 0) ","N42 - X1 - B1 ","Hmt","woman, wife","G05v"
"L","E","G27( 0, 75) - D21( 930, 0) - X1( 1170, 240) - N25( 960, 495) ","G27 - D21 - X1 - N25 ","dSrt","the Red Land, i.e. the Desert","G05v"
"L","E","T22( 0, 0) - N35( 330, 30) - X1( 525, 435) - B1( 1125, 0) ","T22 - N35 - X1 - B1 ","snt","sister","G05v"
"L","E","U36( 0, 0) - Z1( 285, 270) - A1( 510, 15) ","U36 - Z1 - A1 ","Hm","(male) slave","G05v"
"L","E","D60( 0, 0) - N35A( 645, 0) ","D60 - N35A ","wab","be pure, clean, det. A1 (ordinary) priest","G05v"
"L","E","F13( 0, 0) - Q3( 30, 780) - Z9( 330, 690) ","F13 - Q3 - Z9 ","wp","open","G05v"
"L","E","V28( 0, 15) - M16( 405, 30) - G1( 840, 30) - M17( 1515, 15) - M17( 1830, 0) - S28( 2115, 0) ","V28 - M16 - G1 - M17 - M17 - S28 ","HAy","naked","G05v"
"L","E","Y5( 15, 120) - N35( 0, 540) - J1( 1035, 0) - U22( 990, 420) - Y1V( 1530, 75) ","Y5 - N35 - J1 - U22 - Y1V ","mnx","efficient, beneficient, excellent","G05v"
"L","E","V13( 0, 30) - O34( 0, 510) - G17( 930, 0) - E14( 1845, 90) ","V13 - O34 - G17 - E14 ","Tsm","hound, dog","G05v"
"L","E","R8( 0, 0) - Z1( 390, 180) ","R8 - Z1 ","nTr","god","G05v"
"L","E","N40( 0, 90) - G17( 915, 0) - D54( 1845, 105) ","N40 - G17 - D54 ","Sm","go, walk","G05v"
"L","E","V28( 0, 0) - D58( 240, 0) - S29( 705, 30) - S28( 930, 15) ","V28 - D58 - S29 - S28 ","Hbs","clothes, clothing","G05v"
"L","E","U36( 0, 0) - X1( 270, 45) - Z1( 375, 405) - B1( 750, 0) ","U36 - X1 - Z1 - B1 ","Hmt","female slave","G05v"
"L","E","T22( 360, 0) - N35( 0, 765) - A1( 915, 165) ","T22 - N35 - A1 ","sn","brother","G05v"
"L","E","W25( 225, 0) - N35( 0, 810) ","W25 - N35 ","ini","bring, fetch, remove","G05v"
"L","E","X1( 0, 360) - X2( 525, 0) - Z8( 45, 660) "," X1 - X2 - Z8 ","t","bread","G05v"
"L","E","V28( 0, 0) - N29( 285, 15) - X1( 285, 525) - W22( 750, 120) ","V28 - N29 - X1 - W22 ","Hnqt","beer","G05v"
"L","E","M17( 0, 15) - D58( 285, 0) - E8( 765, 105) - N35A( 1680, 15) - A2( 2610, 15) ","M17 - D58 - E8 - N35A - A2 ","ib","thirst (vb.), thirsty","G05v"
"L","E","J17( 0, 0) - Z1( 345, 525) ","J17 - Z1 ","sA","back, m-sA at the back of following after","G05v"
"L","E","D36( 0, 0) - Z1( 390, 375) ","D36 - Z1 ","a","arm, hand","G05v"
"L","E","M23( 0, 0) - X1( 735, 15) - N35( 510, 585) - A40( 1365, 0) ","M23 - X1 - N35 - A40 ","nsw","king of Upper Egypt, King","G05v"
"L","E","J18( 0, 0) - Z1( 225, 795) ","J18 - Z1 ","sA","back","G05v"
"L","E","I6( 0, 180) - G17( 810, 0) - X1( 1785, 15) - O49( 1770, 330) ","I6 - G17 - X1 - O49 ","kmt","the Black Land, i.e. Egypt","G05v (locality)"
"L","E","F26( 0, 0) - N35( 0, 735) - W24( 945, 300) - G43( 1335, 120) - O1( 1950, 285) ","F26 - N35 - W24 - G43 - O1 ","Xnw","interior, the (royal) Residence","G05v (noun)"
"L","E","G43( 0, 0) - N37( 600, 15) - D58( 1515, 45) - Z9( 2025, 270) - A2( 2520, 45) ","G43 - N37 - D58 - Z9 - A2 ","wSb","answer (n to person)","G05v (verb and noun)"
"L","E","G28( 0, 240) - G17( 780, 0) ","G28 - G17 ","gm","find","G05v (verb)"
"L","E","V28( 0, 30) - N29( 495, 45) - D21( 255, 495) - A2( 1110, 0) ","V28 - N29 - D21 - A2 ","Hqr","hungry (vb. and n.), hungry","G05v (verb)"
"L","E","R14( 0, 0) - X1( 405, 0) - Z4( 405, 315) ","R14 - X1 - Z4 ","imnty","western","G06v"
"L","E","F22( 60, 0) - D54( 0, 450) ","F22 - D54 ","pH","reach, attack","G06v"
"L","E","U23( 0, 135) - G17( 285, 0) - D21( 270, 765) - O24( 1230, 150) ","U23 - G17 - D21 - O24 ","mr","pyramid","G06v"
"L","E","M16( 0, 0) - G1( 390, 15) - N29( 990, 60) - A24( 1365, 30) ","M16 - G1 - N29 - A24 ","HAq","capture, take as plunder","G06v"
"L","E","Y5( 135, 0) - W24( 0, 300) - W24( 405, 285) - W24( 810, 285) ","Y5 - W24 - W24 - W24 ","mnw","monument","G06v"
"L","E","M17( 0, 60) - D21( 300, 150) - X1( 270, 540) - X1( 765, 510) - W20( 1290, 0) - Z2( 1110, 735) ","M17 - D21 - X1 - X1 - W20 - Z2 ","irTt","milk","G06v"
"L","E","N25( 0, 0) - X1( 90, 420) - Z1( 570, 345) ","N25 - X1 - Z1 ","xAst","hill-country, (foreign) country","G06v"
"L","E","G36( 0, 0) - D21( 0, 540) ","G36 - D21 ","wrr","great, important, much","G06v"
"L","E","O1( 120, 0) - D21( 0, 420) - D54( 915, 105) ","O1 - D21 - D54 ","pr","go forth, go up","G06v"
"L","E","D21( 0, 45) - D46( 0, 405) - D56( 945, 0) ","D21 - D46 - D56 ","rd","foot","G06v"
"L","E","G21( 0, 0) - V28( 585, 0) - V28( 900, 0) - N5( 1215, 105) ","G21 - V28 - V28 - N5 ","nHH","eternity","G06v"
"L","E","R15( 0, 0) - D58( 405, 15) - X1( 885, 60) - Z4( 885, 360) ","R15 - D58 - X1 - Z4 ","iAbty","eastern","G06v"
"L","E","D4( 0, 0) ","D4 ","ir","make, do","G06v"
"L","E","Y5( 0, 60) - N35( 15, 525) - Y5( 945, 60) - N35( 945, 540) - X1( 1905, 315) - E1( 2430, 0) - Z2( 2520, 540) ","Y5 - N35 - Y5 - N35 - X1 - E1 - Z2 ","mnmnt","cattle","G06v"
"L","E","X1( 45, 0) - U30( 0, 300) - G1( 540, 0) - N37( 1305, 15) - Z9( 1320, 345) - N23( 1800, 480) ","X1 - U30 - G1 - N37 - Z9 - N23 ","tAS","boundary","G06v"
"L","E","F32( 60, 0) - X1( 0, 360) - Z1( 555, 270) ","F32 - X1 - Z1 ","Xt","body","G06v"
"L","E","U10( 0, 0) - Z2( 105, 705) "," U10 - Z2 ","it","barley, corn","G06v"
"L","E","D46( 0, 210) - D58( 915, 0) - V28( 1425, 15) - F18( 1695, 225) - A2( 2625, 15) ","D46 - D58 - V28 - F18 - A2 ","dbH","ask for, beg","G06v"
"L","E","D21( 15, 15) - V13( 0, 510) - A1( 960, 0) ","D21 - V13 - A1 ","rmT","man","G06v"
"L","E","D21( 0, 75) - V13( 30, 780) - A1( 1035, 0) - B1( 1695, 30) - Z2( 1200, 765) ","D21 - V13 - A1 - B1 - Z2 ","rmT","people","G06v (collective noun)"
"L","E","V31( 0, 195) - G1( 870, 0) - N37( 1650, 0) - N25( 1680, 450) ","V31 - G1 - N37 - N25 ","kAS","Ethiopia, the Cush of the Bible (f.)","G06v (locality)"
"L","E","T28( 105, 0) - D21( 0, 615) ","T28 - D21 ","Xr","under, carrying, holding (preposition)","G06v (preposition)"
"L","E","V22( 30, 0) - Y1( 0, 510) ","V22 - Y1 ","mH","fill (m with)","G06v (verb  transitive)"
"L","E","U7( 30, 30) - D21( 0, 465) - A2( 960, 0) ","U7 - D21 - A2 ","mr","love, want, wish, desire","G06v (verb)"
"L","E","M17( 0, 120) - M40( 300, 105) - S29( 615, 120) - I9( 900, 0) - X1( 1020, 255) - G37( 915, 495) ","M17 - M40 - S29 - I9 - X1 - G37 ","isft","evil, wrong-doing","G07v"
"L","E","J1( 255, 30) - D21( 0, 450) - P8( 855, 15) - G43( 1140, 15) - A2( 1770, 0) ","J1 - D21 - P8 - G43 - A2 ","xrw","voice, sound","G07v"
"L","E","G43( 0, 0) - S29( 675, 15) - V13( 975, 30) - N35( 975, 600) - D54( 1890, 180) ","G43 - S29 - V13 - N35 - D54 ","wsTn","stride","G07v"
"L","E","R14( 0, 0) - X1( 585, 45) - N25( 345, 390) ","R14 - X1 - N25 ","imnt","the West","G07v"
"L","E","O42( 0, 0) - Q3( 300, 480) - A24( 975, 0) ","O42 - Q3 - A24 ","Ssp","take, receive","G07v"
"L","E","V24( 0, 60) - V28( 330, 30) - G43( 735, 45) - R3Q( 1365, 0) ","V24 - V28 - G43 - R3Q ","wDHw","table of offerings","G07v"
"L","E","N35( 0, 0) - M3( 0, 165) - J1( 0, 450) - X1( 450, 600) - A24( 975, 90) ","N35 - M3 - J1 - X1 - A24 ","nxt","be mighty, victorious, mighty (adj.)","G07v"
"L","E","Q1( 0, 0) - X1( 645, 0) - O1( 540, 360) ","Q1 - X1 - O1 ","st","place","G07v"
"L","E","S29( 0, 0) - M12( 300, 0) - G1( 705, 0) - G43( 1530, 15) - A2( 2175, 15) ","S29 - M12 - G1 - G43 - A2 ","sxAw","remembrance, memory","G07v"
"L","E","N14( 0, 45) - X1( 600, 0) - O1( 525, 240) ","N14 - X1 - O1 ","dwAt","netherworld","G07v"
"L","E","N26( 0, 0) - Z1( 345, 375) ","N26 - Z1 ","Dw","mountain","G07v"
"L","E","G14( 0, 15) - X1( 795, 0) - B1( 1290, 0) ","G14 - X1 - B1 ","mwt","mother","G07v"
"L","E","F40( 0, 150) - G43( 930, 75) - X1( 1770, 0) - N18( 1560, 255) - Z2( 1665, 510) ","F40 - G43 - X1 - N18 - Z2 ","Awt","oblations, offerings","G07v"
"L","E","N37( 0, 240) - D58( 915, 15) - G43( 1410, 15) - Z8( 2040, 0) - Z2( 2175, 420) ","N37 - D58 - G43 - Z8 - Z2 ","Sbw","food","G07v"
"L","E","I10( 405, 0) - X1( 240, 360) - N17( 0, 600) ","I10 - X1 - N17 ","Dt","eternity, everlasting","G07v"
"L","E","G35( 0, 120) - N29( 1035, 0) - D54( 900, 345) ","G35 - N29 - D54 ","aq","enter","G07v"
"L","E","S29( 0, 0) - D58( 270, 0) - N14( 750, 165) - G1( 1245, 15) - O32( 2070, 15) ","S29 - D58 - N14 - G1 - O32 ","sbA","door","G07v"
"L","E","F31( 0, 0) - S29( 555, 15) - A17( 870, 15) ","F31 - S29 - A17 ","ms","child","G07v"
"L","E","U2( 15, 0) - J11( 0, 555) - D36( 930, 45) - Y1( 915, 495) ","U2 - J11 - D36 - Y1 ","mAa","true, real, just","G07v (adjective and verb)"
"L","E","V28( 60, 0) - W14( 585, 15) - O34( 0, 765) - X1( 885, 330) - A2( 1410, 90) ","V28 - W14 - O34 - X1 - A2 ","Hst","favour, praise","G07v (noun)"
"L","E","J1( 225, 0) - D21( 0, 495) ","J1 - D21 ","xr","with, before, (speak) to","G07v (preposition)"
"L","E","O34( 45, 0) - N35( 0, 525) - S29( 945, 0) - A30( 1245, 0) ","O34 - N35 - S29 - A30 ","snsy","worship","G07v (verb)"
"L","E","S29( 0, 0) - X1( 225, 255) - F29( 720, 15) - A24( 1620, 15) ","S29 - X1 - F29 - A24 ","sti","shoot, throw, pour","G07v (verb)"
"L","E","N14( 0, 75) - A30( 660, 0) ","N14 - A30 ","dwA","adore (in the morning)","G07v (verb)"
"L","E","M4( 0, 0) - X1( 375, 75) - Z1( 495, 360) ","M4 - X1 - Z1 ","rnpt","year","G08v"
"L","E","U1( 0, 30) - G1( 945, 30) - D21( 1695, 0) - T12( 1785, 240) - G37( 2580, 165) ","U1 - G1 - D21 - T12 - G37 ","mAr","wretched","G08v"
"L","E","T3( 0, 15) - I10( 360, 0) - N5( 345, 285) ","T3 - I10 - N5 ","HD","be white, bright, white (adj.)","G08v"
"L","E","D1( 0, 0) - Z1( 165, 510) ","D1 - Z1 ","tp","upon","G08v"
"L","E","D21( 0, 0) - V31( 15, 405) - N5( 930, 75) ","D21 - V31 - N5 ","rk","time, period","G08v"
"L","E","G30( 0, 30) - Y1( 870, 0) - Z2( 885, 285) ","G30 - Y1 - Z2 ","bAw","might (plur.)","G08v"
"L","E","O34( 0, 0) - Q3( 0, 450) - O50( 480, 255) ","O34 - Q3 - O50 ","sp","occasion, time, deed, fault","G08v"
"L","E","F4( 15, 0) - D36( 0, 570) "," F4 - D36 ","HAty  a","chieftain, local prince, mayor","G08v"
"L","E","V7( 240, 30) - W24( 720, 195) - N35( 0, 555) - G43( 1095, 0) - X1( 1740, 30) - O51( 1965, 240) ","V7 - W24 - N35 - G43 - X1 - O51 ","Snwt","granary","G08v"
"L","E","J28( 0, 0) - D46( 270, 0) - W24( 540, 390) - Y1V( 1215, 0) ","J28 - D46 - W24 - Y1V ","qd","form, character, good character, virtue","G08v"
"L","E","M36( 120, 0) - D21( 0, 525) - N31( 855, 195) ","M36 - D21 - N31 ","Dr","end, limit","G08v"
"L","E","J28( 0, 15) - D46( 270, 15) - W24( 540, 435) - A35( 1200, 0) ","J28 - D46 - W24 - A35 ","qd","build","G08v"
"L","E","G17( 0, 45) - D36( 930, 225) - O4( 1875, 0) - Z4( 1890, 510) - G37( 2430, 135) ","G17 - D36 - O4 - Z4 - G37 ","mhy","be neglectful, careless","G08v"
"L","E","U36( 0, 0) - Z1( 315, 180) ","U36 - Z1 ","Hm","Majesty (with suffixes or genitival adj.)","G08v"
"L","E","U36( 0, 0) - Z1( 315, 240) - A40( 540, 30) ","U36 - Z1 - A40 ","Hm","Majesty","G08v"
"L","E","L2( 0, 15) - X1( 900, 135) - A40( 1395, 0) "," L2 - X1 - A40 ","bity","king of Lower Egypt","G08v"
"L","E","J27( 0, 0) - W24( 390, 375) - J27( 810, 0) - W24( 1155, 405) - A2( 1575, 0) ","J27 - W24 - J27 - W24 - A2 ","nDnD","converse, take counsel","G08v"
"L","E","S29( 0, 15) - D21( 255, 270) - A21( 1185, 0) ","S29 - D21 - A21 ","sr","official, noble","G08v"
"L","E","O4( 0, 135) - G1( 510, 0) - G43( 1305, 0) - Y1( 1935, 15) - Z2( 2070, 360) ","O4 - G1 - G43 - Y1 - Z2 ","hAw","environment, neighbourhood, time","G08v"
"L","E","D58( 0, 15) - M17( 525, 15) - X1( 1020, 0) - F18( 795, 480) - A2( 1740, 0) ","D58 - M17 - X1 - F18 - A2 ","bit","qualities, talent","G08v"
"L","E","M36( 135, 0) - D21( 0, 600) ","M36 - D21 ","Dr","since","G08v (preposition)"
"L","E","M17( 0, 0) - M40( 285, 15) - O34( 540, 30) - O1( 660, 375) ","M17 - M40 - O34 - O1 ","is","tomb, tomb-chamber","G09v"
"L","E","D2( 195, 0) - D21( 0, 525) - M17( 945, 15) - M17( 1245, 15) - X1( 1515, 15) - J19( 1500, 285) - D40( 2025, 30) - Z2( 2130, 450) ","D2 - D21 - M17 - M17 - X1 - J19 - D40 - Z2 ","Hryt","apprehension, dread","G09v"
"L","E","M29( 0, 0) - G17( 255, 15) - Y1V( 1125, 15) ","M29 - G17 - Y1V ","nDm","be sweet, agreeable, adj. sweet, agreeable, n. sweetness","G09v"
"L","E","S14( 0, 0) - N33A( 975, 315) ","S14 - N33A ","HD","silver, money","G09v"
"L","E","E9( 0, 135) - G43( 930, 0) - N35( 1575, 15) - N35( 1560, 615) - O1( 2415, 210) ","E9 - G43 - N35 - N35 - O1 ","iwnn","sanctuary","G09v"
"L","E","S38( 0, 0) - N29( 270, 180) - A40( 705, 0) ","S38 - N29 - A40 ","HqA","ruler, chieftain","G09v"
"L","E","J27( 0, 45) - W24( 390, 435) - X1( 825, 30) - Z4( 1335, 0) - D40( 870, 345) ","J27 - W24 - X1 - Z4 - D40 ","nDty","helper, avenger","G09v"
"L","E","G1( 0, 75) - X1( 960, 0) - F9( 825, 270) ","G1 - X1 - F9 ","At","moment","G09v"
"L","E","S12( 0, 0) - N33A( 15, 540) ","S12 - N33A ","nbw","gold","G09v"
"L","E","V28( 0, 0) - D36( 300, 30) - F51( 570, 345) ","V28 - D36 - F51 ","Ha","piece of flesh. plur. flesh, body","G09v"
"L","E","M1( 0, 0) - G17( 405, 15) - X1( 1230, 255) - Y1( 1590, 45) - Z2( 1695, 420) ","M1 - G17 - X1 - Y1 - Z2 ","imAt","charm, favour","G09v"
"L","E","V7( 270, 15) - N35( 0, 600) - D58( 915, 0) - X1( 1620, 0) - G11( 1425, 270) ","V7 - N35 - D58 - X1 - G11 ","Snbt","breast","G09v"
"L","E","V17( 0, 0) - Z1( 420, 180) ","V17 - Z1 ","sA","amulet, magic knot, protection","G09v"
"L","E","S29( 0, 30) - J1( 585, 0) - N35( 375, 360) - X1( 570, 540) - O30( 1245, 75) ","S29 - J1 - N35 - X1 - O30 ","sxnt","supporting pole, support","G09v"
"L","E","S29( 0, 15) - Y5( 345, 0) - N35( 345, 300) - Y1( 330, 465) ","S29 - Y5 - N35 - Y1 ","smn","make firm, establish","G09v (causative)"
"L","E","P5( 0, 0) - G43( 645, 30) ","P5 - G43 ","TAw","wind, breath","G09v (noun)"
"L","E","I9( 135, 0) - N35( 15, 285) - D46( 0, 465) - D19( 990, 150) ","I9 - N35 - D46 - D19 ","fnD","nose","G09v (noun)"
"L","E","U7( 0, 30) - D21( 0, 450) - G43( 945, 0) - X1( 1590, 15) - A2( 2100, 15) ","U7 - D21 - G43 - X1 - A2 ","mrwt","love","G09v (noun)"
"L","E","L1( 225, 0) - D21( 0, 840) ","L1 - D21 ","xpr","become, happen","G09v (verb intransitive)"
"L","E","W9( 0, 60) - G17( 360, 0) "," W9 - G17 ","Xnm","join, endue (m with)","G09v (verb transitive)"
"L","E","D58( 0, 0) - M17( 540, 0) - G1( 810, 30) - U16( 1635, 120) - Y1V( 2580, 15) ","D58 - M17 - G1 - U16 - Y1V ","biAi","marvel (n at)","G09v (verb)"
"L","E","G54( 0, 90) - A2( 795, 0) ","G54 - A2 ","snD","fear","G09v (verb)"
"L","E","E9( 0, 225) - G43( 765, 0) - G37( 1335, 150) ","E9 - G43 - G37 ","iw","wrong, crime","G10v"
"L","E","R8( 0, 0) - O6( 465, 0) - X1( 1095, 15) - O1( 1005, 390) ","R8 - O6 - X1 - O1 ","Hwt-nTr","temple","G10v"
"L","E","D21( 0, 0) - Z1( 330, 390) - O1( 960, 0) - Z1( 1170, 390) ","D21 - Z1 - O1 - Z1 ","r  pr","temple, chapel, shrine","G10v"
"L","E","N35( 0, 15) - F20( 15, 165) - O34( 60, 735) - X1( 990, 0) - W11( 975, 315) ","N35 - F20 - O34 - X1 - W11 ","nst","seat","G10v"
"L","E","W11( 150, 0) - X1( 0, 480) - Z1( 450, 405) ","W11 - X1 - Z1 ","nst","seat","G10v"
"L","E","W11( 300, 0) - X1( 0, 525) - O1( 495, 405) ","W11 - X1 - O1 ","nst","seat","G10v"
"L","E","N41( 0, 150) - G17( 390, 0) - G43( 1245, 0) - P10( 1890, 45) ","N41 - G17 - G43 - P10 ","Hmw","rudder","G10v"
"L","E","M17( 0, 15) - G1( 285, 15) - G43( 930, 15) - X1( 1560, 0) - A19( 1965, 0) ","M17 - G1 - G43 - X1 - A19 ","iAw","old age","G10v"
"L","E","M17( 0, 0) - G1( 270, 0) - G43( 915, 0) - A19( 1560, 0) ","M17 - G1 - G43 - A19 ","iAw","old","G10v"
"L","E","O44( 0, 0) - X1( 405, 30) - Z1( 510, 330) ","O44 - X1 - Z1 ","iAt","office, function","G10v"
"L","E","M17( 0, 0) - G1( 270, 0) - X1( 915, 30) - O44( 1320, 30) "," M17 - G1 - X1 - O44 ","iAt","office, rank","G10v"
"L","E","N11( 0, 0) - N14( 195, 345) - D46( 945, 15) - N5( 1170, 330) ","N11 - N14 - D46 - N5 ","Abd","month","G10v"
"L","E","O4( 195, 0) - W24( 765, 195) - N35( 0, 570) - G43( 1155, 15) - A8( 1785, 15) ","O4 - W24 - N35 - G43 - A8 ","hnw","jubilation, praise","G10v"
"L","E","O6( 0, 0) - X1( 660, 0) - O1( 540, 315) ","O6 - X1 - O1 ","Hwt","house, large edifice","G10v"
"L","E","F4( 30, 0) - X1( 0, 675) - Z4( 510, 570) - F34( 975, 150) ","F4 - X1 - Z4 - F34 ","HAty","heart, breast","G10v"
"L","E","O35( 0, 210) - D58( 705, 0) - D54( 1110, 210) ","O35 - D58 - D54 ","sbi","send, pass (time)","G10v"
"L","E","T18( 0, 0) - S29( 330, 0) - D54( 675, 285) ","T18 - S29 - D54 ","Sms","follow, accompany, serve","G10v"
"L","E","D21( 0, 225) - G17( 915, 0) - K1( 1845, 195) ","D21 - G17 - K1 ","rm","fish","G10v"
"L","E","G1( 0, 0) - V28( 825, 15) - X1( 1125, 15) - N23( 1125, 480) ","G1 - V28 - X1 - N23 ","AHt","field, arable land, earth, mound","G10v"
"L","E","W4( 0, 0) ","W4 ","Hb","festival, holiday","G10v"
"L","E","V28( 0, 30) - D58( 240, 0) - W3( 735, 360) ","V28 - D58 - W3 ","Hb","festival, holiday","G10v"
"L","E","G1( 0, 15) - Q3( 1140, 0) - D46( 810, 465) - G38( 1695, 75) ","G1 - Q3 - D46 - G38 ","Apd","bird","G10v"
"L","E","S29( 0, 0) - D28( 285, 120) - G1( 1110, 30) - U13( 1920, 135) - A24( 2850, 30) ","S29 - D28 - G1 - U13 - A24 ","skA","cultivate, plough","G10v"
"L","E","I6( 0, 165) - G17( 795, 0) - Y1V( 1755, 0) ","I6 - G17 - Y1V ","km","complete, completion","G10v"
"L","E","N29( 0, 225) - G1( 405, 0) - A28( 1230, 0) ","N29 - G1 - A28 ","qAi","tall, high","G10v (adjective and verb)"
"L","E","N29( 0, 165) - G1( 420, 0) - G43( 1260, 0) - A28( 1920, 15) - Y1V( 2595, 30) ","N29 - G1 - G43 - A28 - Y1V ","qAw","height","G10v (adjective and verb)"
"L","E","D58( 0, 0) - V13( 420, 30) - D54( 540, 255) ","D58 - V13 - D54 ","bT","abandon, forsake","G10v (verb  transitive)"
"L","E","Q3( 135, 0) - F32( 0, 390) - D21( 840, 0) - F46( 810, 330) - D54( 1740, 105) ","Q3 - F32 - D21 - F46 - D54 ","pXr","go round","G11v"
"L","E","M17( 0, 0) - X1( 480, 30) - N35( 255, 570) - N5( 1185, 105) ","M17 - X1 - N35 - N5 ","itn","sun's disk, sun","G11v"
"L","E","A12( 0, 315) - A1( 750, 0) - Z2( 690, 750) ","A12 - A1 - Z2 ","mSa","army, expedition","G11v"
"L","E","D36( 0, 0) - D36( 0, 465) - G43( 945, 15) - Z4( 1545, 15) - D5( 2070, 345) ","D36 - D36 - G43 - Z4 - D5 ","aawy","sleep","G11v"
"L","E","N41( 225, 105) - O34( 0, 570) - A7( 900, 0) ","N41 - O34 - A7 ","Hmsi","sit down, sit, dwell","G11v"
"L","E","V13( 0, 45) - O34( 45, 480) - U39( 915, 0) - A24( 1320, 0) ","V13 - O34 - U39 - A24 ","Ts","raise up","G11v"
"L","E","O29( 0, 15) - D36( 0, 390) - G1( 930, 0) - N31( 1740, 180) ","O29 - D36 - G1 - N31 ","aA","here","G11v"
"L","E","D4( 0, 0) - X1( 60, 345) - Z1( 540, 255) ","D4 - X1 - Z1 ","irt","eye","G11v"
"L","E","G43( 0, 0) - S29( 645, 15) - J1( 930, 15) - W10( 930, 495) - Y1V( 1455, 15) ","G43 - S29 - J1 - W10 - Y1V ","wsx","be broad, wide, adj. broad, wide, n. breadth","G11v"
"L","E","F4( 0, 0) - X1( 0, 585) - X1( 510, 585) - V1( 1035, 120) ","F4 - X1 - X1 - V1 ","HAtt","rope in front of a ship","G11v"
"L","E","F35( 0, 0) - F35( 345, 15) - F35( 675, 0) ","F35 - F35 - F35 ","nfrw","beauty","G11v"
"L","E","F42( 0, 0) - D21( 0, 375) - D54( 945, 60) ","F42 - D21 - D54 ","spr","draw night, approach, petition","G11v"
"L","E","X1( 285, 30) - U15( 0, 345) - G17( 915, 0) - A40( 1815, 0) ","X1 - U15 - G17 - A40 ","itm","Atum, the solar god of Heliopolis","G11v"
"L","E","F22( 0, 165) - G43( 795, 30) - Z4( 1440, 30) - M17( 1950, 30) - M17( 2220, 15) - X1( 2490, 0) - V1( 2535, 240) ","F22 - G43 - Z4 - M17 - M17 - X1 - V1 ","pHwyt","rope at back of a ship","G11v"
"L","E","P5( 0, 0) - G43( 810, 15) - A24( 1455, 15) ","P5 - G43 - A24 ","nfw","réis, skipper","G11v"
"L","E","S29( 0, 150) - U23( 285, 150) - G17( 555, 0) - D21( 555, 765) - A1( 1485, 105) ","S29 - U23 - G17 - D21 - A1 ","smr","courtier, friend","G11v"
"L","E","S34( 0, 0) - F21( 375, 135) ","S34 - F21 ","anx","ear","G11v"
"L","E","S24( 0, 0) - O34( 15, 585) - G43( 960, 0) - A24( 1605, 0) "," S24 - O34 - G43 - A24 ","Tsw","commander (of a fortress or army)","G11v"
"L","E","U7( 0, 0) - D21( 0, 540) - M17( 945, 15) - M17( 1230, 15) - X1( 1515, 30) - N23( 1500, 510) ","U7 - D21 - M17 - M17 - X1 - N23 ","mryt","river-bank","G11v"
"L","E","U5( 15, 0) - D36( 0, 510) - X1( 960, 345) - H6( 1500, 60) - Y1V( 1770, 60) ","U5 - D36 - X1 - H6 - Y1V ","mAat","truth, right, justice","G11v"
"L","E","S29( 0, 0) - F46( 270, 15) - D21( 270, 510) - D54( 1170, 120) ","S29 - F46 - D21 - D54 ","spXr","cause to circulate","G11v (causative)"
"L","E","Q3( 90, 0) - X1( 420, 60) - D21( 0, 480) - M6( 915, 0) - A2( 1530, 0) ","Q3 - X1 - D21 - M6 - A2 ","ptr","who ?","G11v (interrogative)"
"L","E","O28( 0, 0) - W24( 300, 0) - O49( 300, 345) ","O28 - W24 - O49 ","iwnw","Heliopolis, On of the Bible, a town near Cairo","G11v (locality)"
"L","E","I10( 225, 270) - X1( 195, 720) - N17( 0, 1020) - A1( 1035, 0) - B1( 1665, 0) - Z2( 1275, 765) ","I10 - X1 - N17 - A1 - B1 - Z2 ","Dwt","serf (fem.)","G11v (plural)"
"L","E","N35( 0, 0) - N42( 240, 330) - G17( 930, 0) - A24( 1875, 15) ","N35 - N42 - G17 - A24 ","nHm","take away, rescue","G12v"
"L","E","F12( 0, 0) - S29( 405, 0) - D21( 720, 0) - D40( 720, 330) ","F12 - S29 - D21 - D40 ","wsr","be powerful, wealthy","G12v"
"L","E","T28( 90, 0) - D21( 0, 585) - X1( 930, 270) - Y1( 1410, 45) - Z2( 1470, 525) ","T28 - D21 - X1 - Y1 - Z2 ","Xrt","share, portion","G12v"
"L","E","U1( 0, 0) - G1( 930, 0) - M17( 1755, 15) - D21( 2040, 15) - T12( 2145, 255) - G37( 2985, 15) - Z2( 2985, 555) ","U1 - G1 - M17 - D21 - T12 - G37 - Z2 ","mAi(r)w","misery","G12v"
"L","E","M4( 0, 0) - M4( 420, 15) - I9( 825, 15) - N5( 975, 285) ","M4 - M4 - I9 - N5 ","snf","last year","G12v"
"L","E","G17( 0, 15) - D36( 945, 0) ","G17 - D36 ","m-a","in the hand of, from, owing to, together with","G12v"
"L","E","D46( 0, 15) - N35( 0, 600) - S29( 945, 0) - U32( 1200, 0) - O39( 1575, 240) ","D46 - N35 - S29 - U32 - O39 ","dns","be heavy, irksome","G12v"
"L","E","F4( 0, 0) - X1( 0, 615) - Z1( 630, 540) ","F4 - X1 - Z1 ","HAt","front, m HAt, r HAt formerly, before","G12v"
"L","E","S29( 0, 0) - D36( 285, 195) - V28( 1245, 15) - E31( 1545, 45) ","S29 - D36 - V28 - E31 ","saH","dignitary, rank, dignity","G12v"
"L","E","D54( 0, 105) - G43( 645, 0) ","D54 - G43 ","iw","come","G12v"
"L","E","D52( 0, 0) - X1( 195, 525) - D50( 945, 0) - D50( 1230, 0) - Y1V( 1515, 15) ","D52 - X1 - D50 - D50 - Y1V ","mty","be exact, precise","G12v"
"L","E","N29( 0, 210) - S29( 405, 0) - N35( 675, 300) - T19( 1635, 15) - G37( 1920, 120) ","N29 - S29 - N35 - T19 - G37 ","ksn","be difficult, disagreeable","G12v"
"L","E","G25( 0, 0) - J1( 870, 0) - Y1( 660, 450) ","G25 - J1 - Y1 ","Ax","be beneficial, advantageous","G12v"
"L","E","E9( 0, 150) - G43( 870, 0) - M23( 1515, 15) - G43( 2055, 30) - M3( 2715, 285) ","E9 - G43 - M23 - G43 - M3 ","iwsw","balance","G12v"
"L","E","D36( 0, 0) - N29( 270, 405) - G1( 930, 15) - D50( 1740, 30) - D50( 2025, 15) - Y1V( 2325, 30) ","D36 - N29 - G1 - D50 - D50 - Y1V ","aqA","be precise, accurate","G12v"
"L","E","S43( 0, 105) - D46( 345, 0) - G43( 450, 300) - A2( 1245, 105) ","S43 - D46 - G43 - A2 ","mdw","speak, talk","G12v"
"L","E","S43( 0, 0) - D46( 285, 0) - X1( 495, 495) - A2( 1215, 0) ","S43 - D46 - X1 - A2 ","mdw","speech, word","G12v"
"L","E","E9( 0, 90) - G43( 825, 0) - M17( 1455, 0) - M17( 1740, 0) - X1( 2070, 0) - G37( 1995, 210) ","E9 - G43 - M17 - M17 - X1 - G37 ","iwyt","wrongdoing","G12v"
"L","E","D21( 0, 45) - J1( 225, 360) - M17( 930, 60) - M17( 1215, 75) - X1( 1485, 330) - G24( 1995, 0) - Z2( 2070, 630) ","D21 - J1 - M17 - M17 - X1 - G24 - Z2 ","rxyt","common people","G12v"
"L","E","G26( 0, 0) - X1( 660, 15) - Z4( 645, 330) - A40( 1080, 15) ","G26 - X1 - Z4 - A40 ","DHwty","Thoth, the ibis-headed god of writing and mathematics","G12v (divinity)"
"L","E","U5( 15, 0) - D36( 0, 480) - X1( 975, 90) - Z4( 975, 405) - Y1V( 1485, 15) "," U5 - D36 - X1 - Z4 - Y1V ","mAaty","rightous","G12v (dual)"
"L","E","D35( 0, 0) - X1( 0, 390) - Z4( 495, 300) - G37( 1005, 30) ","D35 - X1 - Z4 - G37 ","iwty","who.......not, which.......not","G13v"
"L","E","N35( 30, 0) - X1( 0, 330) - Z4( 510, 240) ","N35 - X1 - Z4 ","nty","who, which","G13v"
"L","E","M17( 0, 0) - N35( 270, 0) - D21( 270, 510) - O39( 1110, 240) ","M17 - N35 - D21 - O39 ","inr","stone","G13v"
"L","E","D28( 0, 0) - Z1( 240, 630) ","D28 - Z1 ","kA","spirit, soul, double","G13v"
"L","E","D21( 0, 15) - D46( 0, 450) - M32( 930, 0) - Y1V( 1350, 0) ","D21 - D46 - M32 - Y1V ","rd","grow","G13v"
"L","E","D36( 120, 0) - X1( 0, 510) - O1( 510, 390) ","D36 - X1 - O1 ","at","house, department, iry-at official, one belonging to a department","G13v"
"L","E","G40( 0, 15) - X1( 945, 0) - X6( 930, 240) ","G40 - X1 - X6 ","pAwt","antiquity, old time","G13v"
"L","E","M3( 15, 0) - J1( 0, 300) - X1( 495, 450) - G4( 1020, 30) - O40( 1920, 120) ","M3 - J1 - X1 - G4 - O40 ","xtyw","staircase, terrace, hillside","G13v"
"L","E","D36( 0, 0) - D21( 0, 390) - N31( 930, 120) ","D36 - D21 - N31 ","ar","ascend, approach","G13v"
"L","E","D36( 15, 0) - X1( 0, 465) - F51( 525, 360) ","D36 - X1 - F51 ","at","limb, member (of body)","G13v"
"L","E","D21( 0, 0) - G43( 105, 255) - D46( 915, 15) - X1( 1155, 660) - T12( 1845, 0) - O39( 1830, 690) ","D21 - G43 - D46 - X1 - T12 - O39 ","rwdt","hard stone, sandstone","G13v"
"L","E","O29( 0, 0) - O31( 0, 345) ","O29 - O31 ","aA","door","G13v"
"L","E","D36( 0, 0) - N37( 0, 405) - M41( 915, 195) ","D36 - N37 - M41 ","aS","cedar (properly 'pine')","G13v"
"L","E","J1( 210, 0) - D21( 0, 420) - Q3( 330, 675) - S42( 930, 150) - A24( 1350, 165) ","J1 - D21 - Q3 - S42 - A24 ","xrp","undertake, make offering of","G13v"
"L","E","D1( 120, 0) - Q3( 0, 555) - Z4( 330, 525) ","D1 - Q3 - Z4 ","tpy","(who is) upon, chief, first","G13v"
"L","E","T8( 0, 0) ","T8 ","tpy","(who is) upon, first, chief","G13v"
"L","E","U1( 0, 0) - G1( 915, 0) - Y1V( 1725, 0) ","U1 - G1 - Y1V ","mA(w)","be new, fresh","G13v"
"L","E","M26( 0, 0) ","M26 ","SmAw","Upper Egypt","G13v"
"L","E","D4( 135, 0) - Q1( 0, 225) - A40( 525, 240) ","D4 - Q1 - A40 ","wsir","Osiris, the god of the dead","G13v"
"L","E","G17( 0, 90) - U1( 945, 105) - G43( 1890, 0) - X1( 1950, 765) - Y1V( 2550, 120) ","G17 - U1 - G43 - X1 - Y1V ","m mAwt","anew, lit. in newness","G13v"
"L","E","T28( 0, 0) - X1( 120, 540) - O4( 870, 15) - D21( 660, 540) - G43( 1590, 15) - N5( 2205, 105) ","T28 - X1 - O4 - D21 - G43 - N5 ","hrw","daytime","G13v"
"L","E","M26( 0, 0) - D36( 630, 15) - N24( 585, 360) ","M26 - D36 - N24 ","SmAw","Upper Egypt","G13v"
"L","E","N16( 15, 0) - V22( 0, 300) - V28( 975, 0) - G43( 1275, 0) - M15( 1920, 15) ","N16 - V22 - V28 - G43 - M15 ","tA  mHw","Lower Egypt","G13v (locality)"
"L","E","W25( 0, 150) - N35( 495, 0) - W24( 510, 555) - G43( 900, 150) - Y1( 1560, 165) - Z2( 1695, 570) ","W25 - N35 - W24 - G43 - Y1 - Z2 ","inw","tribute, gifts","G14v"
"L","E","V6( 0, 0) - Z1( 105, 615) ","V6 - Z1 ","sSr","thing, concern","G14v"
"L","E","S29( 0, 0) - X1( 285, 15) - Q3( 375, 450) - G43( 780, 30) - U21( 1395, 30) - Y1( 1410, 555) ","S29 - X1 - Q3 - G43 - U21 - Y1 ","stpw","the choicest, best","G14v"
"L","E","G43( 405, 0) - X1( 0, 495) - X1( 870, 0) - A53( 1380, 15) ","G43 - X1 - X1 - A53 ","twt","statue, image","G14v"
"L","E","V29( 0, 0) - V28( 525, 15) - Y1V( 810, 15) ","V29 - V28 - Y1V ","wAH","(1) trans. place, put down (2) intrans. endure, adj. enduring, durable","G14v"
"L","E","T21( 15, 0) - D36( 0, 735) - D36( 930, 0) - G43( 1065, 345) ","T21 - D36 - D36 - G43 ","waaw","privacy","G14v"
"L","E","O11( 0, 0) - D36( 360, 15) - O1( 435, 330) ","O11 - D36 - O1 ","aH","palace","G14v"
"L","E","F40( 0, 0) - X1( 225, 660) - F34( 870, 195) ","F40 - X1 - F34 ","Awt-ib","joy, lit. expansion of heart","G14v"
"L","E","D34( 0, 105) - G1( 930, 0) - A24( 1635, 0) ","D34 - G1 - A24 ","aHA","fight","G14v"
"L","E","I10( 330, 0) - X1( 255, 405) - N17( 0, 705) ","I10 - X1 - N17 ","Dt","estate, domain","G14v"
"L","E","R11( 0, 0) ","R11 ","Dd","durability, stability","G14v"
"L","E","S29( 0, 0) - J1( 270, 345) - G17( 795, 15) - J1( 1725, 15) - F34( 2220, 15) - Z1( 2355, 450) ","S29 - J1 - G17 - J1 - F34 - Z1 ","sxmx  ib","amusement, lit. distract the heart","G14v"
"L","E","J1( 255, 0) - D21( 0, 420) - X1( 225, 690) - F34( 885, 0) - Z1( 1020, 570) ","J1 - D21 - X1 - F34 - Z1 ","xrt-ib","desire, wish, lit. what belongs to the heart","G14v"
"L","E","Q1( 0, 15) - X1( 660, 15) - O1( 540, 390) - D2( 1410, 0) - Z1( 1545, 495) ","Q1 - X1 - O1 - D2 - Z1 ","st-Hr","charge, care, lit. place of the face","G14v"
"L","E","M42( 240, 0) - N35( 0, 570) ","M42 - N35 ","wn","being, in the phrase 'n wn mAa' in true being, truly","G14v"
"L","E","R11( 0, 0) - D46( 405, 15) - Y1( 405, 405) ","R11 - D46 - Y1 ","Dd","be stable","G14v"
"L","E","D21( 0, 0) - G43( 150, 270) - D46( 945, 15) - T12( 1080, 405) - Y1V( 1905, 120) ","D21 - G43 - D46 - T12 - Y1V ","rwD","be hard, flourish, adj. flourishing","G14v"
"L","E","R11( 0, 0) - D46( 390, 0) - Y1( 405, 495) ","R11 - D46 - Y1 ","Dd","be stable","G14v"
"L","E","D50( 0, 0) - X1( 285, 15) - S20( 390, 345) ","D50 - X1 - S20 ","Dbat","signet-ring","G14v"
"L","E","S19( 0, 0) - X1( 210, 660) "," S19 - X1 ","sDAwt","precious things, treasures","G14v"
"L","E","S29( 0, 0) - O29( 270, 0) - D36( 270, 405) - Y1V( 1230, 0) ","S29 - O29 - D36 - Y1V ","saA","make great, magnify","G14v"
"L","E","P6( 0, 15) - G43( 375, 0) - N5( 1005, 150) ","P6 - G43 - N5 ","aHaw","period, space (of time)","G14v"
"L","E","S29( 0, 0) - X1( 300, 15) - Q3( 390, 465) - U21( 795, 240) ","S29 - X1 - Q3 - U21 ","stp","choose","G14v"
"L","E","S29( 0, 15) - W17( 360, 0) - N35( 1005, 45) - X1( 1275, 375) ","S29 - W17 - N35 - X1 ","sxnti","promote, make prominent","G14v (causative)"
"L","E","G5( 0, 0) ","G5 ","Hr","the god Horus","G14v (divinity)"
"L","E","S40( 0, 0) ","S40 ","wAs","dominion, lordship (an old word, occurring only in formulae)","G14v (noun and verb)"
"L","E","N35( 0, 0) - U19( 0, 240) - W24( 945, 240) - G43( 1350, 15) - N35A( 1980, 30) ","N35 - U19 - W24 - G43 - N35A ","nw","water (a rather select word)","G15v"
"L","E","S29( 0, 0) - G43( 300, 0) - X1( 945, 15) - G43( 1425, 30) - X1( 2055, 30) - D56( 2565, 30) - D54( 3180, 135) ","S29 - G43 - X1 - G43 - X1 - D56 - D54 ","swtwt","walk about","G15v"
"L","E","D46( 0, 210) - W19( 810, 30) - M17( 1155, 0) - N23( 1440, 45) - Z1( 1545, 345) ","D46 - W19 - M17 - N23 - Z1 ","dmi","town, habitation","G15v"
"L","E","X1( 210, 0) - D21( 0, 510) - M6( 915, 15) - N5( 1560, 135) ","X1 - D21 - M6 - N5 ","tr","time, season, period","G15v"
"L","E","N35( 45, 0) - O4( 0, 285) - X1( 525, 510) - M1( 1065, 0) ","N35 - O4 - X1 - M1 ","nht","sycamore, tree (in general)","G15v"
"L","E","M17( 0, 165) - K1( 285, 180) - N35( 270, 750) - V28( 1215, 180) - V1( 1770, 0) - D40( 1485, 510) ","M17 - K1 - N35 - V28 - V1 - D40 ","inH","surround, enclose","G15v"
"L","E","I10( 180, 0) - D46( 0, 630) - V28( 885, 210) - V1( 1470, 0) - D40( 1215, 450) ","I10 - D46 - V28 - V1 - D40 ","DdH","shut up, confine","G15v"
"L","E","S43( 0, 135) - I10( 270, 0) ","S43 - I10 ","Dd  mdw","to be recited, lit. to say words, as heading","G15v"
"L","E","D19( 0, 0) - X1( 600, 210) - O1( 240, 495) ","D19 - X1 - O1 ","xnt (xnrt)","prison","G15v"
"L","E","V28( 0, 30) - S29( 285, 15) - D58( 570, 30) - J2( 1335, 0) - Y1( 1080, 540) ","V28 - S29 - D58 - J2 - Y1 ","Hsb","count, reckon","G15v"
"L","E","D36( 0, 180) - D58( 945, 0) - D36( 1455, 15) - F16( 1455, 345) - A1( 2370, 0) ","D36 - D58 - D36 - F16 - A1 ","aba","boasting, exaggeration","G15v"
"L","E","M17( 0, 30) - Q3( 420, 0) - X1( 285, 540) - Q1( 795, 15) - Q1( 1335, 15) - Q1( 1875, 15) - X1( 2385, 15) - O49( 2400, 360) ","M17 - Q3 - X1 - Q1 - Q1 - Q1 - X1 - O49 ","ipt  swt","name of the temple of Karnak at Thebes","G15v"
"L","E","M8( 0, 225) - D21( 915, 60) - Z1( 1230, 525) - M16( 1860, 75) - N35( 2355, 0) - G1( 2385, 150) - N25( 3225, 210) ","M8 - D21 - Z1 - M16 - N35 - G1 - N25 ","SrHn","Sharuhen, a place in Palestine","G15v"
"L","E"," U7( 0, 15) - D21( 0, 495) - V28( 945, 0) - X1( 1245, 0) - W22( 1230, 240) ","U7 - D21 - V28 - X1 - W22 ","mrHt","oil","G15v"
"L","E","J1( 195, 0) - N35( 0, 495) - X1( 1185, 30) - N37( 945, 390) - D19( 1875, 120) "," J1 - N35 - X1 - N37 - D19 ","xntS","take pleasure, have enjoyment","G15v"
"L","E","U5( 15, 0) - D36( 0, 480) - N21( 990, 15) - Z1( 1125, 405) ","U5 - D36 - N21 - Z1 ","mAa","edge, brink","G15v"
"L","E","V31( 0, 0) - I9( 45, 390) - U33( 900, 15) - G43( 1335, 0) - N25( 2010, 165) ","V31 - I9 - U33 - G43 - N25 ","kftiw","Meditarrean land, probably Crete, and its people","G15v"
"L","E","S29( 0, 0) - N29( 285, 195) - D58( 690, 30) - D58( 1215, 30) - W15( 1755, 30) - N35A( 2280, 30) ","S29 - N29 - D58 - D58 - W15 - N35A ","sqbb","refresh oneself","G15v (causative)"
"L","E","W9( 0, 255) - G17( 405, 135) - X1( 1515, 0) - N35A( 1305, 225) ","W9 - G17 - X1 - N35A ","Xnmt","well, cistern","G15v (noun)"
"L","E","W11( 0, 240) - G1( 510, 75) - J2( 1470, 0) - G37( 1320, 390) ","W11 - G1 - J2 - G37 ","gAw","be narrow, deprived of (m)","G15v (verb  intransitive)"
"L","E","W11( 0, 225) - G1( 525, 15) - V32( 1320, 0) - G37( 1455, 300) ","W11 - G1 - V32 - G37 ","gAw","be narrow, deprived of (m)","G15v (verb  intransitive)"
"L","E","G43( 0, 30) - D52( 645, 15) - X1( 885, 495) - Y1V( 1575, 0) ","G43 - D52 - X1 - Y1V ","wmt","be thick, adj. thick, stout","G16v"
"L","E","V15( 0, 165) - A24( 945, 0) ","V15 - A24 ","iT","take away, seize","G16v"
"L","E","D46( 30, 0) - D21( 0, 525) - A24( 960, 15) ","D46 - D21 - A24 ","dr","drive out, crush","G16v"
"L","E","N41( 180, 135) - O34( 0, 630) - G43( 780, 30) - A17( 1425, 135) - G37( 1935, 0) - Z2( 1905, 525) ","N41 - O34 - G43 - A17 - G37 - Z2 ","Hmsw","sloth, lit. sitting","G16v"
"L","E","F46( 0, 0) - D21( 15, 480) - X1( 960, 0) - N33( 1065, 510) - Z3( 1455, 15) ","F46 - D21 - X1 - N33 - Z3 ","pXrt","remedy, medicament","G16v"
"L","E","N37( 45, 0) - I9( 120, 285) - D46( 0, 555) - G43( 930, 120) - V12( 1590, 255) ","N37 - I9 - D46 - G43 - V12 ","Sfdw","papyrus roll, book","G16v"
"L","E","D2( 0, 0) - Z1( 120, 525) - D36( 510, 120) - Z1( 870, 525) ","D2 - Z1 - D36 - Z1 ","Hr a","immediately, lit. on the hand","G16v"
"L","E","U1( 525, 0) - N37( 0, 120) - G1( 1485, 15) - A33( 2310, 0) ","U1 - N37 - G1 - A33 ","SmAw","nomad, foreigner","G16v"
"L","E","S29( 0, 45) - G36( 270, 0) - D21( 225, 570) - M17( 1125, 75) - N35A( 1335, 75) - A2( 2190, 90) ","S29 - G36 - D21 - M17 - N35A - A2 ","swr","drink","G16v"
"L","E","G17( 0, 0) - X1( 195, 780) - A14( 960, 210) ","G17 - X1 - A14 ","mt","die, death","G16v"
"L","E","M18( 0, 0) - M17( 405, 0) - D54( 675, 120) ","M18 - M17 - D54 ","ii","come","G16v"
"L","E","S29( 0, 30) - N29( 570, 45) - D21( 315, 450) - J7( 1110, 180) - S34( 1920, 0) - A13( 2310, 15) ","S29 - N29 - D21 - J7 - S34 - A13 ","sqr  anx","prisoner, lit. one smitten living","G16v"
"L","E","D36( 15, 0) - F26( 0, 360) - N35( 1005, 135) - W24( 975, 645) - X1( 1410, 705) - U33( 1980, 180) - O1( 2295, 435) ","D36 - F26 - N35 - W24 - X1 - U33 - O1 ","a Xnwty","audience-chamber","G16v"
"L","E","A51( 0, 0) - S29( 660, 0) - Y1V( 930, 0) ","A51 - S29 - Y1V ","Sps","be noble, adj. noble","G16v"
"L","E","S29( 0, 75) - N35( 255, 0) - D58( 390, 165) - Y1V( 1140, 135) ","S29 - N35 - D58 - Y1V ","snb","be healthy, n. health","G16v"
"L","E","E34( 0, 60) - N35( 0, 495) - O31( 885, 270) - A24( 1740, 0) ","E34 - N35 - O31 - A24 ","wn","open","G16v"
"L","E","D21( 0, 0) - O4( 165, 330) - N35( 960, 75) - D41( 930, 375) ","D21 - O4 - N35 - D41 ","rhn","lean, Hr upon","G16v"
"L","E","Y5( 0, 0) - N35( 0, 555) - W24( 1080, 0) - O1( 930, 345) ","Y5 - N35 - W24 - O1 ","mnnw","fortress","G16v"
"L","E","U23( 0, 165) - G17( 240, 0) - D21( 165, 765) - G37( 1125, 285) ","U23 - G17 - D21 - G37 ","mr","be ill, adj. ill, painful","G16v (adjective)"
"L","E","G38( 0, 60) - D58( 945, 0) - A40( 1485, 15) ","G38 - D58 - A40 ","gb","Geb, the Earth god","G16v (divinity)"
"L","E","Y5( 0, 15) - N35( 30, 480) - Y1V( 915, 0) ","Y5 - N35 - Y1V ","mn","remain, be established","G16v (verb  intransitive)"
"L","E","S29( 0, 30) - D58( 285, 15) - N14( 795, 135) - G1( 1305, 15) - A24( 2130, 0) ","S29 - D58 - N14 - G1 - A24 ","sbA","teach, r concerning","G16v (verb and noun)"
"L","E","N29( 0, 195) - G1( 375, 0) - D36( 1200, 180) - A2( 2130, 0) ","N29 - G1 - D36 - A2 ","qAa","spew out","G16v (verb)"
"L","E","S29( 0, 0) - I9( 330, 15) - N5( 375, 270) ","S29 - I9 - N5 ","sf","yesterday","G17v"
"L","E","K4( 0, 180) - G1( 930, 0) - D21( 1710, 15) - X1( 1935, 510) - D3( 2655, 195) - B1( 3615, 15) ","K4 - G1 - D21 - X1 - D3 - B1 ","XArt","widow","G17v"
"L","E","D36( 0, 0) - V4( 0, 345) - G1( 945, 135) - A24( 1755, 165) ","D36 - V4 - G1 - A24 ","awAi","steal, rob","G17v"
"L","E","O42( 0, 0) - Q3( 345, 435) - A53( 915, 0) ","O42 - Q3 - A53 ","Ssp","image, idol","G17v"
"L","E","E34( 0, 420) - N35( 30, 975) - W24( 960, 435) - X1( 915, 870) - N14( 1410, 540) - A1( 1935, 0) - Z2( 1875, 780) ","E34 - N35 - W24 - X1 - N14 - A1 - Z2 ","wnwt","priesthood, priests (collective)","G17v"
"L","E","M20( 0, 0) - X1( 810, 15) - Z4( 825, 420) - A1( 1350, 0) ","M20 - X1 - Z4 - A1 ","sxty","peasant, fowler","G17v"
"L","E","A49( 0, 105) - F35( 645, 105) - F4( 945, 0) - X1( 945, 615) - Z1( 1575, 540) ","A49 - F35 - F4 - X1 - Z1 ","iry  nfr  HAt","keeper of the diadem","G17v"
"L","E","V28( 0, 90) - M2( 480, 90) - N35( 270, 690) - W24( 1110, 300) - G43( 1515, 75) - W22( 2310, 0) - Z2( 2190, 555) ","V28 - M2 - N35 - W24 - G43 - W22 - Z2 ","Hnw","chattels, belongings, lit. vessels","G17v"
"L","E","O4( 0, 210) - M17( 585, 105) - M17( 930, 105) - D52( 1200, 0) - A1( 1305, 315) ","O4 - M17 - M17 - D52 - A1 ","hi","husband","G17v"
"L","E","G1( 0, 30) - S29( 840, 30) - V2( 1140, 0) - D54( 1320, 405) ","G1 - S29 - V2 - D54 ","As","quickly","G17v"
"L","E","T18( 0, 0) - G43( 285, 0) - A1( 915, 0) ","T18 - G43 - A1 ","Smsw","follower, attendant","G17v"
"L","E","A49( 0, 15) - O29( 675, 45) - O31( 660, 450) - A1( 1560, 0) ","A49 - O29 - O31 - A1 ","iry  aA","door-keeper","G17v"
"L","E","F35( 0, 150) - F4( 330, 0) - X1( 375, 600) - Z1( 855, 510) ","F35 - F4 - X1 - Z1 ","nfr  HAt","diadem, or like","G17v"
"L","E","V28( 0, 0) - M42( 435, 0) - N35( 210, 600) - A17( 1155, 0) ","V28 - M42 - N35 - A17 ","Hwn","be young, rejuvenated","G17v"
"L","E","T28( 105, 0) - D21( 0, 495) - G43( 885, 75) - N23( 1530, 75) ","T28 - D21 - G43 - N23 ","Xrw","down, lower part, m Xrw downcast","G17v"
"L","E","O1( 150, 0) - O29( 0, 480) ","O1 - O29 ","pr  aA","Great House, Palace, Pharaoh","G17v"
"L","E","V7( 0, 75) - N35( 510, 0) - D36( 495, 360) - A24( 1410, 15) "," V7 - N35 - D36 - A24 ","Sna","repel, turn back (someone)","G17v"
"L","E","N35( 300, 0) - T34( 0, 180) - G17( 390, 195) - V28( 1290, 195) - A17( 1695, 210) - G37( 2205, 375) ","N35 - T34 - G17 - V28 - A17 - G37 ","nmHy","orphan, waif, poor man","G17v"
"L","E","M17( 0, 0) - V28( 360, 15) - E1( 780, 105) ","M17 - V28 - E1 ","iH"," ox","G17v"
"L","E","V13( 30, 15) - N35( 0, 600) - T14( 1005, 0) - G41( 1290, 15) ","V13 - N35 - T14 - G41 ","Tn","where ?, whence ?","G17v (interrogative)"
"L","E","V24( 0, 0) - G43( 300, 0) - Y1V( 945, 15) ","V24 - G43 - Y1V ","wD","command","G17v (noun)"
"L","E","S29( 0, 15) - V24( 300, 15) - G43( 555, 0) - Y1V( 1200, 0) ","S29 - V24 - G43 - Y1V ","swD","hand over, bequeath","G17v causative)"
"L","E","L1( 0, 0) - D21( 870, 15) - X1( 600, 390) - Z2( 1020, 345) ","L1 - D21 - X1 - Z2 ","xprt","what has happened, occurrence","G18v"
"L","E","Y5( 0, 0) - N35( 15, 600) - V28( 945, 0) - N33( 1470, 0) - Z2( 1230, 435) ","Y5 - N35 - V28 - N33 - Z2 ","mnH","wax","G18v"
"L","E","M12( 0, 0) - G1( 435, 0) - D36( 1080, 195) - A24( 1965, 0) ","M12 - G1 - D36 - A24 ","xAa","throw, let go","G18v"
"L","E","D46( 0, 15) - Q3( 315, 345) - F20( 960, 75) - A2( 1875, 0) ","D46 - Q3 - F20 - A2 ","dp","taste","G18v"
"L","E","D2( 255, 15) - D21( 0, 495) - Z4( 1230, 15) - O1( 900, 390) - Z1( 1575, 390) - A1( 1770, 0) ","D2 - D21 - Z4 - O1 - Z1 - A1 ","Hrypr","servant (or the like)","G18v"
"L","E","N37( 0, 0) - X1( 240, 525) - U30( 870, 270) - G1( 1425, 15) - Y1V( 2250, 30) ","N37 - X1 - U30 - G1 - Y1V ","StA","mysterious, difficult","G18v"
"L","E","Q3( 330, 15) - N35( 0, 600) - G43( 915, 0) - W24( 1560, 180) - F27( 1965, 15) ","Q3 - N35 - G43 - W24 - F27 ","pnw","mouse","G18v"
"L","E","M17( 0, 15) - D4( 300, 240) - G4( 1080, 15) - A2( 1935, 0) - Z3( 2505, 60) ","M17 - D4 - G4 - A2 - Z3 ","irtyw","mourning","G18v"
"L","E","V28( 0, 0) - W24( 270, 15) - X1( 285, 495) - B1( 795, 0) ","V28 - W24 - X1 - B1 ","Hnwt","mistress","G18v"
"L","E","F13( 0, 15) - Q3( 240, 585) - X1( 825, 15) - Z4( 1320, 0) - D54( 1020, 450) - A1( 1830, 180) ","F13 - Q3 - X1 - Z4 - D54 - A1 ","wpwty","messenger, envoy","G18v"
"L","E","M42( 0, 90) - X1( 0, 600) - A2( 600, 90) - X2( 1290, 0) - W22( 1800, 45) - Z8( 1305, 600) - Z3( 2340, 120) ","M42 - X1 - A2 - X2 - W22 - Z8 - Z3 ","wnmt","food","G18v"
"L","E","Z11( 0, 0) - G17( 510, 0) - A2( 1440, 15) ","Z11 - G17 - A2 ","wnm","eat","G18v"
"L","E","M42( 165, 15) - N35( 0, 630) - G17( 885, 75) - A2( 1785, 0) ","M42 - N35 - G17 - A2 ","wnm","eat","G18v"
"L","E","N35( 0, 15) - X1( 195, 465) - D36( 915, 15) - Z1( 1230, 375) - Y1( 1860, 0) - Z2( 1995, 375) ","N35 - X1 - D36 - Z1 - Y1 - Z2 ","nt  a","custom, habit (f.)","G18v"
"L","E","O4( 225, 0) - N35( 0, 525) - Q6( 945, 90) ","O4 - N35 - Q6 ","hn","box","G18v"
"L","E","G36( 30, 15) - D21( 0, 585) - V28( 1005, 15) - W23( 1470, 0) - D40( 1290, 435) ","G36 - D21 - V28 - W23 - D40 ","wrH","anoint","G18v"
"L","E","S29( 0, 30) - T31( 270, 150) - G17( 1215, 0) - Y1V( 2175, 0) ","S29 - T31 - G17 - Y1V ","sSm","condition, procedure","G18v"
"L","E","S29( 0, 165) - V4( 285, 180) - G1( 1020, 150) - N31( 1710, 0) - D54( 1800, 375) ","S29 - V4 - G1 - N31 - D54 ","swA","pass","G18v (causative)"
"L","E","S29( 0, 30) - Y5( 285, 45) - N35( 270, 630) - J1( 1230, 0) - U22( 1215, 405) - Y1V( 1755, 60) ","S29 - Y5 - N35 - J1 - U22 - Y1V ","smnx","furnish, adorn","G18v (causative)"
"L","E","Y5( 30, 30) - N35( 0, 615) - F35( 1005, 15) - I9( 1365, 0) - D21( 1290, 540) - O24( 2205, 15) - O49( 2835, 165) ","Y5 - N35 - F35 - I9 - D21 - O24 - O49 ","mn  nfr","Memphis","G18v (locality)"
"L","E","G17( 45, 135) - D36( 0, 930) - U28( 975, 345) - G1( 1395, 345) - M17( 2205, 330) - M17( 2505, 330) - G43( 2790, 330) - T14( 3420, 330) - A1( 3735, 0) - Z2( 3735, 765) ","G17 - D36 - U28 - G1 - M17 - M17 - G43 - T14 - A1 - Z2 ","mDAw","Medjay, a Nubian people","G18v (noun)"
"L","E","D21( 15, 0) - G17( 0, 225) - D4( 885, 315) ","D21 - G17 - D4 ","rmi","weep","G18v (verb)"
"L","E","D21( 0, 15) - O34( 0, 600) - T13( 945, 0) - D4( 1470, 285) ","D21 - O34 - T13 - D4 ","rs","wake (intrans.)","G19v"
"L","E","J27( 0, 0) - W24( 405, 405) - A24( 810, 0) ","J27 - W24 - A24 ","nD","protect, rescue","G19v"
"L","E","S29( 0, 60) - U5( 270, 0) - D36( 255, 480) - Y1V( 1230, 90) ","S29 - U5 - D36 - Y1V ","smAa","make true","G19v"
"L","E","D46( 0, 0) - G17( 15, 285) - T30( 885, 255) - A2( 1755, 270) ","D46 - G17 - T30 - A2 ","dm","pronounce, rn a name","G19v"
"L","E","D52( 0, 0) - X1( 240, 465) - G43( 885, 15) - X1( 1770, 30) - D53( 1530, 375) ","D52 - X1 - G43 - X1 - D53 ","mtwt","poisen","G19v"
"L","E","Z9( 0, 0) - X1( 30, 495) - Q7( 600, 0) ","Z9 - X1 - Q7 ","sDt","fire, flame","G19v"
"L","E","S29( 0, 30) - I10( 510, 30) - X1( 585, 465) - Z9( 1170, 120) - Q7( 1635, 0) ","S29 - I10 - X1 - Z9 - Q7 ","sDt","fire, flame","G19v"
"L","E","J1( 135, 0) - I9( 0, 435) - X1( 900, 60) - Z4( 885, 360) - A14( 1320, 135) ","J1 - I9 - X1 - Z4 - A14 ","xfty","enemy, opponent","G19v"
"L","E","D21( 0, 30) - N29( 240, 345) - D41( 885, 150) - F34( 1755, 0) - Z1( 1860, 360) - A14( 2160, 75) ","D21 - N29 - D41 - F34 - Z1 - A14 ","rq  ib","disaffected, envious, lit. downward inclined of heart","G19v"
"L","E","V31( 0, 0) - V31( 15, 510) - G43( 945, 0) - N2( 1575, 0) ","V31 - V31 - G43 - N2 ","kkw","darkness","G19v"
"L","E","T10( 0, 0) - X1( 0, 390) - Z4( 450, 300) - T14( 900, 0) - A1( 1185, 0) ","T10 - X1 - Z4 - T14 - A1 ","pDty","bowman, foreigner","G19v"
"L","E","D46( 0, 0) - G17( 0, 315) - T30( 945, 345) - A24( 1890, 225) ","D46 - G17 - T30 - A24 ","dm","be sharp, sharpen","G19v"
"L","E","N9( 30, 0) - X1( 0, 525) - R8( 480, 15) - Z3( 900, 45) ","N9 - X1 - R8 - Z3 ","psDt","Ennead of gods, company of nine gods","G19v"
"L","E","T14( 0, 0) - G17( 300, 0) - A1( 1050, 0) ","T14 - G17 - A1 ","aAm","Asiatic","G19v"
"L","E","G17( 0, 15) - P6( 960, 0) - D36( 1245, 15) - X1( 1470, 480) - O1( 2190, 255) ","G17 - P6 - D36 - X1 - O1 ","maHat"," tomb","G19v"
"L","E","V28( 0, 15) - D28( 390, 60) - G1( 1200, 0) - A2( 2025, 15) ","V28 - D28 - G1 - A2 ","HqAw","magic","G19v"
"L","E","R8( 0, 0) - T22( 405, 0) - N35( 840, 0) - V13( 810, 195) - D21( 810, 420) - N33( 1950, 30) - Z2( 1725, 405) ","R8 - T22 - N35 - V13 - D21 - N33 - Z2 ","snTr","incense","G19v"
"L","E","J1( 255, 0) - O34( 0, 405) - D21( 15, 555) - A24( 945, 0) ","J1 - O34 - D21 - A24 ","xsr","dispel, drive away","G19v"
"L","E","S29( 0, 15) - G17( 420, 15) - J1( 1275, 0) - A2( 1695, 0) ","S29 - G17 - J1 - A2 ","smx","forget","G19v (causative)"
"L","E","S29( 0, 45) - D36( 285, 60) - D21( 285, 555) - N31( 1230, 0) - D54( 1320, 390) ","S29 - D36 - D21 - N31 - D54 ","sar","cause to mount up, bring","G19v (causative)"
"L","E","G17( 15, 0) - D36( 0, 675) ","G17 - D36 ","m","who ?, what ? ","G19v (interrogative)"
"L","E","G17( 0, 0) - D38( 840, 105) ","G17 - D38 ","m","who ?, what ?","G19v (interrogative)"
"L","E","U35( 0, 15) - A24( 930, 0) ","U35 - A24 ","xsf","oppose, repress, repel, with n, punish","G19v (verb transitive)"
"L","E","J1( 240, 0) - O34( 0, 405) - I9( 105, 555) - U34( 945, 45) - A24( 1230, 60) ","J1 - O34 - I9 - U34 - A24 ","xsf","oppose, repress, repel, with n, punish","G19v (verb transitive)"
"L","E","F31( 0, 0) - S29( 540, 30) - B3( 855, 60) ","F31 - S29 - B3 ","msi","bear, give birth, form, fashion (statue)","G19v (verb)"
"L","E","V7( 225, 0) - N35( 0, 600) - A2( 885, 75) "," V7 - N35 - A2 ","Sni","exorcise, conjure","G19v (verb)"
"L","E","S34( 0, 15) - N18( 375, 0) - Z2( 390, 375) ","S34 - N18 - Z2 ","anxw","victuals","G20v"
"L","E","V31( 0, 45) - I9( 60, 405) - S28( 795, 0) ","V31 - I9 - S28 ","kf","uncover","G20v"
"L","E","S23( 0, 0) - D46( 840, 0) - Y1( 825, 315) ","S23 - D46 - Y1 ","dmD","total","G20v"
"L","E","M14( 0, 90) - G36( 630, 0) - D21( 615, 540) - N36( 1455, 285) ","M14 - G36 - D21 - N36 ","wAD  wr","the sea, lit. the great green","G20v"
"L","E","V28( 0, 75) - I9( 390, 0) - F40( 255, 270) - G43( 1215, 90) - I14( 1875, 360) ","V28 - I9 - F40 - G43 - I14 ","HfAw","snake","G20v"
"L","E","Y5( 15, 0) - N35( 0, 315) - X1( 270, 555) ","Y5 - N35 - X1 ","mnt","quantum, fixed ration","G20v"
"L","E","G35( 0, 255) - G43( 840, 0) - Z8( 1500, 60) - Z2( 1605, 420) ","G35 - G43 - Z8 - Z2 ","aqw","provisions, revenue","G20v"
"L","E","U21( 0, 0) - V16( 0, 360) - O1( 795, 195) ","U21 - V16 - O1 ","stp  sA","palace","G20v"
"L","E","X1( 0, 165) - J1( 525, 0) - N35( 75, 600) - O25( 1095, 0) ","X1 - J1 - N35 - O25 ","txn","obelisk","G20v"
"L","E","Z9( 240, 0) - N35( 0, 465) ","Z9 - N35 ","Sbn","various (adj.)","G20v"
"L","E","G35( 0, 315) - N29( 855, 225) - M17( 1275, 195) - M17( 1560, 195) - A1( 1905, 0) - Z2( 1830, 645) ","G35 - N29 - M17 - M17 - A1 - Z2 ","aqyw","members of household","G20v"
"L","E","F40( 0, 0) - G43( 825, 15) ","F40 - G43 ","Aw","length (of space, time)","G20v"
"L","E","D21( 45, 15) - J1( 0, 330) - X1( 510, 495) - Y1V( 1035, 0) ","D21 - J1 - X1 - Y1V ","rxt","amount, number (n.)","G20v"
"L","E","D46( 0, 0) - O34( 75, 450) - W22( 900, 90) ","D46 - O34 - W22 ","ds","jug, beer-jug","G20v"
"L","E","S41( 0, 15) - S12( 315, 0) - N33( 165, 450) - Z2( 450, 450) ","S41 - S12 - N33 - Z2 ","Dam","fine gold","G20v"
"L","E","U13( 0, 0) - D36( 15, 600) - O1( 915, 300) ","U13 - D36 - O1 ","Sna","ergastulum, magazine","G20v"
"L","E","Q3( 345, 45) - N37( 795, 60) - O34( 0, 555) - Z9( 1005, 315) - Y1V( 1755, 0) ","Q3 - N37 - O34 - Z9 - Y1V ","psS","divide","G20v"
"L","E","W22( 0, 120) - G43( 405, 0) - A1( 1035, 0) ","W22 - G43 - A1 ","wdpw","butler","G20v"
"L","E","S29( 0, 0) - J1( 270, 195) - G43( 795, 15) - W10( 1440, 240) ","S29 - J1 - G43 - W10 ","sxw","breadth (from stem wsx)","G20v"
"L","E","U29( 0, 0) - X1( 540, 30) - Z2( 435, 405) ","U29 - X1 - Z2 ","DAt","balance, remainder","G20v"
"L","E","M17( 0, 0) - Y5( 300, 0) - N35( 300, 600) - A40( 1230, 15) ","M17 - Y5 - N35 - A40 ","imn","Amun, the god of Thebes","G20v"
"L","E","M12( 0, 0) - G1( 420, 0) - D51( 1065, 0) - D40( 1065, 240) ","M12 - G1 - D51 - D40 ","xAi","measure (vb.)","G20v"
"L","E","W17( 0, 0) - N35( 630, 15) - X1( 765, 435) - D19( 1485, 105) - O1( 2115, 180) ","W17 - N35 - X1 - D19 - O1 ","xnt","harem","G20v"
"L","E","Y5( 0, 45) - N35( 15, 540) - D36( 930, 45) - X1( 1170, 480) - D27( 1905, 150) - B1( 2550, 0) ","Y5 - N35 - D36 - X1 - D27 - B1 ","mnat","nurse","G20v (noun)"
"L","E","S29( 0, 0) - D58( 270, 15) - V28( 810, 15) - F18( 1080, 240) - A2( 2025, 30) ","S29 - D58 - V28 - F18 - A2 ","sbH","cry out","G20v (verb)"
"L","E","G17( 0, 120) - I9( 870, 0) - D28( 825, 285) - X1( 1815, 60) - N33A( 1590, 720) ","G17 - I9 - D28 - X1 - N33A ","mfkAt","turquoise","G21v"
"L","E","G17( 0, 0) - I9( 915, 0) - V31( 840, 510) - X1( 2040, 75) - N33A( 1800, 600) ","G17 - I9 - V31 - X1 - N33A ","mfkAt","turquoise","G21v"
"L","E","N35( 0, 90) - M3( 15, 435) - J1( 1020, 15) - X1( 990, 435) - G43( 1560, 15) - D40( 2220, 0) - Z2( 2340, 420) ","N35 - M3 - J1 - X1 - G43 - D40 - Z2 ","nxtw","victory","G21v"
"L","E","T22( 0, 0) - N35( 360, 15) - D19( 480, 195) ","T22 - N35 - D19 ","sn","smell, kiss","G21v"
"L","E","R4( 0, 0) - X1( 60, 555) - Q3( 600, 495) - G43( 930, 0) - Y1( 1575, 30) - Z2( 1725, 390) ","R4 - X1 - Q3 - G43 - Y1 - Z2 ","Htpw","peace","G21v"
"L","E","J1( 0, 195) - S29( 525, 45) - D58( 960, 0) - D46( 1545, 15) - N33A( 1575, 525) ","J1 - S29 - D58 - D46 - N33A ","xsbD","lapis lazuli","G21v"
"L","E","N18( 0, 0) - Z1( 60, 315) - N21( 435, 330) ","N18 - Z1 - N21 ","iw","island","G21v"
"L","E","G17( 0, 0) - D36( 915, 15) - V31( 960, 495) - A24( 1845, 15) ","G17 - D36 - V31 - A24 ","mki","protect","G21v"
"L","E","G36( 0, 0) - D21( 30, 585) - A19( 930, 15) ","G36 - D21 - A19 ","wr","chieftain","G21v"
"L","E","N29( 0, 240) - D58( 405, 0) - F46( 945, 0) - Y1( 945, 495) ","N29 - D58 - F46 - Y1 ","q(A)b","double (vb.)","G21v"
"L","E","G43( 0, 135) - I10( 630, 0) - D36( 630, 750) - J21( 1575, 135) - Y1V( 1995, 135) ","G43 - I10 - D36 - J21 - Y1V ","wDa","divide, sever, judge, judge between","G21v"
"L","E","V25( 0, 30) - M17( 300, 15) - M17( 600, 0) - X1( 1035, 0) - D54( 900, 240) ","V25 - M17 - M17 - X1 - D54 ","wDyt","(military) expedition","G21v"
"L","E","D36( 0, 0) - V4( 15, 345) - G1( 900, 150) - D40( 1515, 300) - D4( 2340, 15) - D21( 2370, 330) - I9( 2385, 720) ","D36 - V4 - G1 - D40 - D4 - D21 - I9 ","awA  ir(y)  .f","brigand","G21v"
"L","E","V6( 0, 105) - S29( 405, 0) - D21( 690, 15) - T11( 675, 585) ","V6 - S29 - D21 - T11 ","Ssr","arrow","G21v"
"L","E","D21( 0, 135) - V13( 15, 420) - N35( 810, 165) - W24( 1050, 345) - G43( 1605, 0) - N25( 2160, 195) ","D21 - V13 - N35 - W24 - G43 - N25 ","rTnw","Retenu, name of Palestine and Syria","G21v"
"L","E","Q3( 315, 15) - O34( 0, 645) - D46( 930, 0) - F38( 1095, 285) ","Q3 - O34 - D46 - F38 ","psd","back","G21v"
"L","E","R8( 0, 0) - R4( 465, 0) - X1( 495, 465) - Q3( 1140, 390) - Z8( 1485, 0) - Z2( 1605, 375) ","R8 - R4 - X1 - Q3 - Z8 - Z2 ","Htpw  nTr","offerings (to the gods)","G21v"
"L","E","F13( 0, 0) - Q3( 165, 585) - N31( 855, 0) - X1( 765, 600) - Z2( 1290, 525) - E18( 2145, 120) ","F13 - Q3 - N31 - X1 - Z2 - E18 ","wp  wAwt","Wepwawet, 'opener of the ways', the wolf-god of Abydos and Asyut","G21v (divinity)"
"L","E","G29( 0, 0) - V31( 855, 15) - A24( 1695, 15) ","G29 - V31 - A24 ","bAk","work (trans. and intrans.)","G22v"
"L","E","V4( 0, 15) - G1( 945, 0) - G43( 1740, 0) - N35A( 2370, 0) ","V4 - G1 - G43 - N35A ","wAw","wave","G22v"
"L","E","Q3( 255, 0) - I10( 0, 300) - T9( 795, 600) ","Q3 - I10 - T9 ","pD","stretch, adj. wide","G22v"
"L","E","G36( 0, 0) - D21( 15, 570) - N37( 945, 15) - N5( 1185, 300) ","G36 - D21 - N37 - N5 ","wrS","spend the day, pass time","G22v"
"L","E","V4( 0, 45) - G1( 840, 0) - S29( 1485, 30) - S40( 1890, 15) - G37( 2070, 90) ","V4 - G1 - S29 - S40 - G37 ","wAs","ruin","G22v"
"L","E","O29( 0, 0) - X1( 240, 315) - O39( 900, 135) ","O29 - X1 - O39 ","aAt","precious stone","G22v"
"L","E","V30( 0, 270) - W11( 975, 0) - W11( 1500, 0) - W11( 1230, 435) - N16( 2055, 15) - N16( 2070, 600) - N21( 2970, 30) - N21( 3000, 570) ","V30 - W11 - W11 - W11 - N16 - N16 - N21 - N21 ","nb nswt tAwy","lord of the thrones of the two lands, epithet of the god Amun-Ra","G22v"
"L","E","U1( 0, 0) - G1( 900, 0) - Q1( 1725, 0) - X1( 2250, 300) - D56( 2760, 30) ","U1 - G1 - Q1 - X1 - D56 ","mAst"," lap","G22v"
"L","E","S29( 0, 75) - J18( 285, 75) - G1( 1110, 90) - V28( 1950, 90) - D61( 2220, 0) - Y1( 2205, 690) ","S29 - J18 - G1 - V28 - D61 - Y1 ","sAH","endow with (m)","G22v"
"L","E","V6( 240, 0) - O34( 0, 585) - V1( 960, 135) ","V6 - O34 - V1 ","Ss","cord","G22v"
"L","E","G36( 45, 0) - D21( 0, 555) - D21( 915, 15) - X1( 1125, 495) - T17( 1755, 135) ","G36 - D21 - D21 - X1 - T17 ","wrryt","chariot","G22v"
"L","E","D46( 0, 0) - O4( 165, 360) - N35( 960, 0) - D1( 1095, 330) ","D46 - O4 - N35 - D1 ","dhn","appoint, promote","G22v"
"L","E","V4( 0, 15) - G1( 870, 0) - N31( 1515, 105) ","V4 - G1 - N31 ","wAi","be far, with r, fall into (bad condition, etc.)","G22v"
"L","E","D2( 210, 0) - D21( 0, 510) - J19( 1215, 30) - N31( 990, 450) ","D2 - D21 - J19 - N31 ","Hr","be far from (r)","G22v"
"L","E","G21( 0, 15) - V28( 825, 15) - D58( 1110, 0) - Z9( 1635, 150) ","G21 - V28 - D58 - Z9 ","nHb","unite, link together, equip with (m)","G22v"
"L","E","S29( 0, 15) - P7( 375, 15) - A24( 1230, 0) ","S29 - P7 - A24 ","saHa","erect","G22v (causative)"
"L","E","W11( 180, 0) - D21( 0, 540) - U17( 915, 120) ","W11 - D21 - U17 ","grg","furnish with (m)","G22v (verb  transitive)"
"L","E","V28( 0, 30) - D36( 285, 210) - A28( 1245, 0) "," V28 - D36 - A28 ","Hai","rejoice","G22v (verb)"
"L","E","T21( 60, 0) - D36( 0, 360) - G37( 975, 135) ","T21 - D36 - G37 ","wai","be alone","G22v (verb)"
"L","E","T25( 0, 45) - D58( 405, 45) - A24( 810, 0) ","T25 - D58 - A24 ","DbA","stop up, block","G23v"
"L","E","D58( 0, 0) - G43( 540, 0) ","D58 - G43 ","bw","place, also forms abstracts, as bw nTr good, bw bin evil","G23v"
"L","E","V17( 0, 285) - Z1( 510, 465) - A1( 930, 0) - Z2( 855, 750) ","V17 - Z1 - A1 - Z2 ","sA","body (of men), corps, regiment","G23v"
"L","E","N14( 0, 165) - G1( 525, 30) - X1( 1365, 0) - N5( 1365, 285) ","N14 - G1 - X1 - N5 ","dwA","morning","G23v"
"L","E","N35( 0, 0) - I10( 45, 180) - S29( 840, 165) - G37( 1065, 390) ","N35 - I10 - S29 - G37 ","nDs","be poor, of eyes, dim","G23v"
"L","E","W18( 0, 15) - N35( 855, 0) - X1( 1200, 435) - N37( 1815, 15) - Z1( 1875, 345) - N21( 2235, 390) ","W18 - N35 - X1 - N37 - Z1 - N21 ","xnt  S","garden (with trees)","G23v"
"L","E","V26( 15, 0) - Y1( 0, 315) ","V26 - Y1 ","aD","be in good condition, safe","G23v"
"L","E","G17( 0, 0) - D36( 945, 0) - D21( 930, 510) - M1( 1875, 0) - Y1V( 2280, 0) ","G17 - D36 - D21 - M1 - Y1V ","mar","be fortunate, happy","G23v"
"L","E","D36( 0, 240) - E34( 960, 45) - N35( 960, 570) - A24( 1905, 0) ","D36 - E34 - N35 - A24 ","awn","be rapacious","G23v"
"L","E","G43( 0, 15) - U28( 645, 15) - G1( 1065, 15) - Y1V( 1890, 0) ","G43 - U28 - G1 - Y1V ","wDA","be whole, sound, prosperous","G23v"
"L","E","N14( 0, 105) - G1( 480, 0) - N5( 1320, 150) ","N14 - G1 - N5 ","dwAt","morning","G23v"
"L","E","N35( 0, 15) - M3( 0, 420) - J1( 960, 30) - X1( 960, 435) - D40( 1500, 0) - Z2( 1635, 420) "," N35 - M3 - J1 - X1 - D40 - Z2 ","nxtw","hostages, securities","G23v"
"L","E","S29( 0, 0) - Y5( 300, 45) - N35( 300, 480) - D54( 1080, 225) ","S29 - Y5 - N35 - D54 ","smn","retire, rest","G23v (causative)"
"L","E","V33( 0, 105) - D58( 405, 0) - G4( 930, 60) - O49( 1845, 60) ","V33 - D58 - G4 - O49 ","gbtyw","Coptus, a town in Upper Egypt","G23v (locality)"
"L","E","D46( 0, 0) - Q3( 105, 330) - X1( 405, 390) - F20( 930, 60) "," D46 - Q3 - X1 - F20 ","dpt","taste","G23v (noun)"
"L","E","O4( 195, 30) - D21( 0, 510) - Y1V( 975, 0) ","O4 - D21 - Y1V ","hrw","be satisfied, quiet","G23v (verb infinitive)"
"L","E","R4( 0, 0) - X1( 45, 510) - Q3( 630, 450) ","R4 - X1 - Q3 ","Htp","pardon, n someone","G23v (verb intransitive)"
"L","E","S29( 0, 0) - W19( 300, 15) - M17( 645, 15) - A2( 960, 30) ","S29 - W19 - M17 - A2 ","smi","report, announce","G23v (verb)"
"L","E","G43( 0, 15) - U28( 555, 0) - G1( 915, 30) - Y1( 1455, 270) ","G43 - U28 - G1 - Y1 ","wDA","be hale, uninjured, prosperous","G23v (verb)"
"L","E","D58( 0, 30) - X1( 540, 0) - U30( 525, 270) - G1( 1065, 15) - G37( 1890, 120) ","D58 - X1 - U30 - G1 - G37 ","btA","wrong, crime","G24v"
"L","E","D52( 15, 0) - X1( 195, 330) - D21( 0, 570) - G43( 870, 120) - D50( 1530, 30) - D50( 1815, 30) - A2( 2085, 75) - A1( 2715, 75) ","D52 - X1 - D21 - G43 - D50 - D50 - A2 - A1 ","mtrw","witness","G24v"
"L","E","S29( 0, 105) - M36( 420, 0) - D21( 300, 510) - A55( 1095, 210) ","S29 - M36 - D21 - A55 ","sDr","spend the night, lie","G24v"
"L","E","V28( 0, 0) - G36( 300, 0) - D21( 285, 540) - G43( 1275, 0) - G37( 1935, 135) - A1( 2760, 15) ","V28 - G36 - D21 - G43 - G37 - A1 ","Hwrw","poor man","G24v"
"L","E","R8( 0, 30) - T28( 555, 0) - D21( 420, 540) - N25( 1380, 270) ","R8 - T28 - D21 - N25 ","Xrt  nTr","necropolis","G24v"
"L","E","M17( 0, 90) - V31( 300, 300) - D58( 1155, 90) - D3( 1575, 180) - A2( 2445, 0) ","M17 - V31 - D58 - D3 - A2 ","i(A)kb","mourning","G24v"
"L","E","U28( 0, 0) - U28( 420, 0) - W24( 915, 30) - X1( 1440, 165) - J8( 945, 495) - A40( 1935, 30) - Z3( 2445, 60) ","U28 - U28 - W24 - X1 - J8 - A40 - Z3 ","DADAt","magistrates, assessors","G24v"
"L","E","P4( 0, 0) - D36( 0, 375) - V1( 855, 105) - A2( 1290, 0) ","P4 - D36 - V1 - A2 ","wHa","interpret, explain","G24v"
"L","E","D21( 0, 0) - N29( 285, 525) - D41( 945, 0) - D54( 1065, 390) ","D21 - N29 - D41 - D54 ","rq","incline","G24v"
"L","E","L1( 240, 0) - D21( 0, 735) - G43( 945, 180) - A53( 1575, 180) - Y1( 1830, 180) - Z2( 1980, 600) ","L1 - D21 - G43 - A53 - Y1 - Z2 ","xprw","forms, stages of growth or development","G24v"
"L","E","I10( 405, 0) - N35( 0, 330) - D46( 15, 495) - F2( 1260, 90) ","I10 - N35 - D46 - F2 ","Dnd","be wrathful, wrath (n.)","G24v"
"L","E","I10( 405, 0) - N35( 0, 330) - D46( 15, 495) - F2( 1260, 90) ","I10 - N35 - D46 - F2 ","Dnd","be wrathful, wrath (n.)","G24v"
"L","E","G87( 0, 15) - M12( 930, 0) - G1( 1320, 0) - X1( 2160, 15) - U38( 2670, 0) ","G87 - M12 - G1 - X1 - U38 ","mxAt","balance","G24v"
"L","E","D50( 0, 45) - D36( 180, 165) - G43( 1065, 0) - G37( 1725, 105) ","D50 - D36 - G43 - G37 ","Dbaw","accusation, reproach","G24v"
"L","E","O28( 0, 45) - Z1( 300, 270) - G14( 570, 45) - X1( 1560, 45) - I9( 1365, 525) - A40( 2145, 0) ","O28 - Z1 - G14 - X1 - I9 - A40 ","iwn-mwt-f","Pillar-of-his-Mother, a name of Horus","G24v"
"L","E","S24( 0, 15) - O34( 15, 615) - A2( 945, 0) ","S24 - O34 - A2 ","Ts","utterance, sentence","G24v"
"L","E","S29( 0, 0) - W11( 540, 45) - D21( 285, 525) - A2( 1230, 15) ","S29 - W11 - D21 - A2 ","sgr","peace, quiet","G24v (causative verb and noun)"
"L","E","W9( 0, 120) - G17( 390, 45) - G43( 1260, 0) - C4( 1890, 45) ","W9 - G17 - G43 - C4 ","Xnmw","Chnum, the ram-headed god of the First Cataract","G24v (divinity)"
"L","E","D46( 0, 0) - N35( 45, 510) - M17( 945, 45) - X1( 1350, 0) - V11( 1290, 240) - N23( 1965, 15) - Z1( 2085, 375) ","D46 - N35 - M17 - X1 - V11 - N23 - Z1 ","dnit","dam","G24v (noun)"
"L","E","V22( 0, 165) - V28( 765, 0) - N35A( 1080, 15) ","V22 - V28 - N35A ","mHi","drown","G24v (verb)"
"L","E","S29( 0, 0) - Q3( 615, 15) - D46( 270, 450) - M44( 1215, 0) - Y1V( 1620, 0) ","S29 - Q3 - D46 - M44 - Y1V ","spd","be keen, ready, caus (sspd) make ready","G24v (verb)"
"L","E","M17( 0, 0) - K1( 255, 15) - N35( 285, 600) - D58( 1185, 30) - O36( 1725, 15) ","M17 - K1 - N35 - D58 - O36 ","inb","wall","G25v"
"L","E","S19( 0, 0) ","S19 ","sDAwty (?)","treasurer","G25v"
"L","E","S29( 0, 0) - F32( 435, 45) - D21( 315, 420) - T11( 1110, 90) - D36( 1110, 315) ","S29 - F32 - D21 - T11 - D36 ","sXr","overlay","G25v"
"L","E","M17( 0, 0) - D4( 255, 210) - G43( 1095, 15) - A53( 1725, 15) - Y1( 2100, 0) - Z2( 2205, 360) ","M17 - D4 - G43 - A53 - Y1 - Z2 ","irw","form, nature","G25v"
"L","E","Q1( 0, 0) - X1( 510, 15) - F34( 495, 360) ","Q1 - X1 - F34 ","st-ib","pleasure, affection","G25v"
"L","E","G17( 0, 0) - S29( 930, 0) - V31( 1260, 15) - X1( 1215, 495) - X1( 1725, 495) - P3( 2250, 165) ","G17 - S29 - V31 - X1 - X1 - P3 ","msktt","the evening-bark of the sun-god","G25v"
"L","E","G17( 0, 0) - V29( 855, 0) - V31( 1410, 15) - X1( 1380, 420) - X1( 1845, 405) - P3( 2265, 120) ","G17 - V29 - V31 - X1 - X1 - P3 ","msktt","the evening-bark of the sun-god","G25v"
"L","E","S42( 0, 0) - A40( 330, 15) ","S42 - A40 ","sxm","Power, personified as deity, a power","G25v"
"L","E","S29( 0, 0) - J1( 300, 210) - G17( 810, 15) - S42( 1755, 15) - A40( 2145, 15) ","S29 - J1 - G17 - S42 - A40 ","sxm","Power, personified as a deity, a power","G25v"
"L","E","S29( 0, 0) - M13( 405, 15) - I10( 1095, 0) - D46( 735, 375) ","S29 - M13 - I10 - D46 ","swAD","make green","G25v"
"L","E","S29( 0, 0) - U33( 285, 0) - V28( 585, 0) - N35( 870, 285) - S15( 1800, 30) ","S29 - U33 - V28 - N35 - S15 ","stHn","make dazzling","G25v"
"L","E","V7( 210, 0) - D46( 750, 165) - N35( 0, 645) - M17( 1710, 15) - M17( 2010, 0) - X1( 2265, 225) - S26( 2790, 15) ","V7 - D46 - N35 - M17 - M17 - X1 - S26 ","SnDyt","apron, skirt","G25v"
"L","E","S29( 0, 180) - S29( 390, 180) - G17( 780, 0) - X1( 975, 660) - E6A( 1635, 210) ","S29 - S29 - G17 - X1 - E6A ","ssmt","horse","G25v"
"L","E","D21( 0, 0) - Q3( 375, 255) - D36( 0, 585) ","D21 - Q3 - D36 ","r-pat","hereditary prince","G25v"
"L","E","E9( 0, 0) - D36( 0, 420) - G43( 870, 45) - F44( 1500, 120) ","E9 - D36 - G43 - F44 ","iwaw","heir","G25v"
"L","E","M17( 0, 30) - D21( 300, 60) - X1( 495, 450) - A49( 1170, 60) - Y1V( 1815, 0) ","M17 - D21 - X1 - A49 - Y1V ","irt","duty","G25v"
"L","E","V26( 0, 0) - D46( 30, 405) - X1( 1215, 0) - P3( 990, 300) ","V26 - D46 - X1 - P3 ","manDt","the morning-bark of the sun-god","G25v"
"L","E","U23( 0, 15) - D58( 285, 15) - G43( 810, 0) - D54( 1470, 120) ","U23 - D58 - G43 - D54 ","Abw","cessation","G25v"
"L","E","M1( 0, 105) - G17( 375, 105) - G43( 1305, 120) - N8( 2040, 0) - Z2( 1935, 615) ","M1 - G17 - G43 - N8 - Z2 ","imAw","brilliance, splendour","G25v"
"L","E","T3( 0, 135) - I10( 600, 0) - I10( 300, 270) - G43( 1425, 90) - X1( 2070, 90) - N8( 2610, 60) - Z2( 2325, 675) ","T3 - I10 - I10 - G43 - X1 - N8 - Z2 ","HDDwt","brightness","G25v"
"L","E","G43( 0, 0) - X1( 645, 0) - X1( 1155, 0) - D53( 660, 420) ","G43 - X1 - X1 - D53 ","wtt","beget","G25v"
"L","E","M13( 0, 0) - I10( 690, 0) - Y1( 330, 480) ","M13 - I10 - Y1 ","wAD","be green, fresh","G25v"
"L","E","R8( 0, 30) - X1( 615, 0) - D21( 375, 225) - Z4( 630, 450) - Y1V( 1245, 0) ","R8 - X1 - D21 - Z4 - Y1V ","ntry","be divine","G25v"
"L","E","U33( 0, 0) - V28( 270, 15) - N35( 555, 270) - S15( 1485, 30) ","U33 - V28 - N35 - S15 ","tHn","be dazzling","G25v"
"L","E","F22( 0, 630) - X1( 735, 480) - Z4( 765, 930) - F9( 1215, 0) - F9( 1245, 795) ","F22 - X1 - Z4 - F9 - F9 ","pHty","might, strength","G25v"
"L","E","V28( 0, 180) - D36( 330, 180) - Q3( 375, 630) - Z4( 825, 615) - N36( 1470, 0) - N35A( 1500, 285) ","V28 - D36 - Q3 - Z4 - N36 - N35A ","Hapy","Hapy, the inundation-god, inundation,high nile","G25v (divinity)?"
"L","E","O42( 0, 0) - Q3( 360, 540) - N5( 945, 180) ","O42 - Q3 - N5 ","Ssp","light","G25v (noun)"
"L","E","D58( 0, 0) - G29( 525, 45) - G1( 1470, 30) - W11( 2280, 195) - A7( 2790, 30) - G37( 3600, 150) ","D58 - G29 - G1 - W11 - A7 - G37 ","bAgi","be remiss, slack","G25v (verb)"
"L","E","Z11( 0, 30) - G17( 510, 30) - X1( 615, 780) - Y1( 1455, 30) - Z2( 1470, 480) - O1( 2415, 0) - Z1( 2640, 495) ","Z11 - G17 - X1 - Y1 - Z2 - O1 - Z1 ","imyt  pr","estate, testament","G26v"
"L","E","N29( 0, 165) - U1( 375, 15) - T14( 1245, 15) - Y1V( 1560, 0) ","N29 - U1 - T14 - Y1V ","qmA","create","G26v"
"L","E","V25( 0, 0) - G43( 270, 0) - O26( 900, 15) ","V25 - G43 - O26 ","wD","stela","G26v"
"L","E","V25( 0, 0) - G43( 240, 0) - O39( 885, 195) ","V25 - G43 - O39 ","wD","stela","G26v"
"L","E","V28( 0, 30) - D36( 375, 225) - G43( 1230, 75) - P1( 1860, 0) - Z2( 1845, 480) ","V28 - D36 - G43 - P1 - Z2 ","Haaw","ships","G26v"
"L","E","M16( 0, 0) - G1( 525, 15) - Q3( 1350, 225) - S28( 1635, 15) - A24( 2580, 0) ","M16 - G1 - Q3 - S28 - A24 ","HAp","conceal, hide","G26v"
"L","E","V7( 0, 75) - N35( 390, 60) - V13( 390, 360) - A24( 1260, 0) ","V7 - N35 - V13 - A24 ","SnT","resent, vent anger on","G26v"
"L","E","M17( 0, 0) - X1( 615, 15) - W24( 1110, 105) - N35( 375, 450) - G43( 1500, 15) - D19( 2145, 120) - A13( 2805, 0) ","M17 - X1 - W24 - N35 - G43 - D19 - A13 ","itnw","rebel, adversary","G26v"
"L","E","S29( 0, 0) - X1( 270, 0) - X1( 270, 495) - F29( 750, 0) - N8( 1635, 90) ","S29 - X1 - X1 - F29 - N8 ","stt","ray","G26v"
"L","E","U5( 0, 0) - D36( 0, 465) - G43( 960, 45) - Y1( 1605, 60) - Z2( 1725, 435) ","U5 - D36 - G43 - Y1 - Z2 ","mAaw","offerings, tribute","G26v"
"L","E","V7( 225, 15) - N35( 0, 600) - D36( 870, 0) - G43( 975, 315) - U13( 1725, 0) - D54( 1800, 615) ","V7 - N35 - D36 - G43 - U13 - D54 ","Snaw","policing, control, lit. holding in check","G26v"
"L","E","O90A( 0, 0) - X1( 975, 0) - O1( 870, 375) ","O90A - X1 - O1 ","Hwt  aAt","temple","G26v"
"L","E","M20( 0, 0) - X1( 645, 45) - N23( 660, 390) ","M20 - X1 - N23 ","sxt","field, countryside","G26v"
"L","E","V28( 0, 0) - M2( 540, 15) - N35( 315, 600) - V31( 1170, 15) - D39( 1170, 420) ","V28 - M2 - N35 - V31 - D39 ","Hnk","present, offer","G26v"
"L","E","X1( 0, 510) - G43( 510, 0) - X1( 1095, 0) - A53( 1605, 0) - Y1V( 1905, 0) ","X1 - G43 - X1 - A53 - Y1V ","twt","like (tbe like, n someone)","G26v"
"L","E","M23( 0, 15) - M17( 510, 0) - M17( 765, 0) - X1( 1230, 75) - Y1( 990, 495) ","M23 - M17 - M17 - X1 - Y1 ","nsyt","kingship","G26v"
"L","E","W4( 0, 15) - S29( 825, 15) - D46( 1125, 0) - N20( 1110, 480) - O23( 2025, 90) ","W4 - S29 - D46 - N20 - O23 ","Hb-sd","jubilee, sed-festival","G26v"
"L","E","X1( 0, 270) - M17( 540, 0) - X1( 930, 0) - D17( 810, 255) ","X1 - M17 - X1 - D17 ","tit","figure, image","G26v"
"L","E","E9( 75, 0) - D36( 0, 450) - X1( 1005, 15) - F44( 885, 285) ","E9 - D36 - X1 - F44 ","iwat","heritage, inheritance","G26v"
"L","E","V5( 0, 0) - X1( 525, 30) - X1( 525, 510) - N23( 1035, 240) ","V5 - X1 - X1 - N23 ","sntt","foundation","G26v"
"L","E","D2( 240, 15) - D21( 0, 525) - D1( 945, 0) - Z1( 1065, 465) ","D2 - D21 - D1 - Z1 ","Hry-tp","chief, chieftain","G26v"
"L","E","G40( 0, 60) - G1( 945, 0) - X1( 1785, 0) - X6( 1770, 255) ","G40 - G1 - X1 - X6 ","pAt","offering, kind of loaf","G26v"
"L","E","F13( 0, 0) - Q3( 210, 630) - X1( 915, 60) - Y2( 660, 675) ","F13 - Q3 - X1 - Y2 ","wpwt - ipt","business, mission","G26v"
"L","E","G36( 30, 0) - D21( 0, 570) - D46( 915, 285) - A7( 1785, 60) - G37( 2505, 285) ","G36 - D21 - D46 - A7 - G37 ","wrD","be weary","G26v"
"L","E","M17( 0, 90) - U1( 285, 90) - F39A( 1200, 0) - J1( 1200, 495) - M17( 2010, 75) - M17( 2280, 90) ","M17 - U1 - F39A - J1 - M17 - M17 ","imAxy","revered, honoured","G26v"
"L","E","D36( 0, 0) - D21( 0, 360) - I9( 105, 645) - V33( 960, 225) ","D36 - D21 - I9 - V33 ","arf","pack, envelop, enclose","G26v"
"L","E","V13( 0, 270) - D58( 930, 0) - X1( 1455, 270) - S33( 1965, 15) ","V13 - D58 - X1 - S33 ","Tbt","sandal, sole (of feet)","G26v"
"L","E","M17( 0, 0) - N37( 270, 15) - X1( 480, 480) - Y1( 1215, 30) - Z2( 1320, 420) ","M17 - N37 - X1 - Y1 - Z2 ","iSt","property, belongings","G26v"
"L","E","N29( 240, 0) - N35( 0, 585) - A24( 945, 15) ","N29 - N35 - A24 ","qni","be brave","G26v (adjective and verb)"
"L","E","D45( 15, 0) - D21( 0, 495) - Y1V( 915, 15) ","D45 - D21 - Y1V ","Dsr","set apart, be set apart, private, adj. holy","G26v (adjective)"
"L","E","W24( 60, 0) - X1( 480, 90) - N1( 0, 390) ","W24 - X1 - N1 ","nwt","Nut, the sky - goddess","G26v (divinity)"
"L","E","F30( 0, 0) - D46( 0, 450) - A2( 945, 0) ","F30 - D46 - A2 ","Sdi","read aloud, recite","G26v (verb)"
"L","E","X1( 165, 15) - N37( 0, 630) - Z9( 1080, 0) - D54( 945, 420) ","X1 - N37 - Z9 - D54 ","tSi","be missing, absent oneself, r from","G26v (verb)"
"L","E","V7( 225, 0) - N35( 0, 570) - Z8( 900, 255) ","V7 - N35 - Z8 ","Sni","surround, encircle","G26v (verb)"
"L","E","V7( 225, 0) - N35( 0, 690) - V1( 960, 150) ","V7 - N35 - V1 ","Sni","surround, encircle","G26v (verb)"
"L","E","O1( 0, 225) - T3( 705, 0) - O1( 915, 240) ","O1 - T3 - O1 ","pr  HD","treasury (lit. white house)","G27v"
"L","E","F31( 0, 0) - S29( 510, 15) - M17( 795, 15) - M17( 1080, 30) - X1( 1380, 255) - N3( 1905, 75) - Z8( 2730, 90) - Z2( 2865, 495) ","F31 - S29 - M17 - M17 - X1 - N3 - Z8 - Z2 ","msyt","supper, evening meal","G27v"
"L","E","S29( 0, 0) - J28( 405, 0) - D46( 720, 15) - W24( 945, 315) - A10( 1575, 30) - A1( 2235, 45) ","S29 - J28 - D46 - W24 - A10 - A1 ","sqd","sailor, traveller","G27v"
"L","E","W11( 195, 0) - I9( 60, 405) - D19( 855, 180) - N35( 0, 705) - A2( 1485, 90) ","W11 - I9 - D19 - N35 - A2 ","gfn","rebuff","G27v"
"L","E","N37( 0, 225) - V4( 930, 0) - G1( 1875, 30) - G43( 2685, 15) - G37( 3345, 105) - A1( 4155, 15) ","N37 - V4 - G1 - G43 - G37 - A1 ","SwAw","poor man","G27v"
"L","E","G1( 0, 0) - W19( 780, 15) - M17( 1275, 15) - A24( 1545, 0) ","G1 - W19 - M17 - A24 ","Ami","mix, compound, Hr with","G27v"
"L","E","G43( 0, 0) - U28( 675, 0) - G1( 1110, 0) - D54( 1935, 120) ","G43 - U28 - G1 - D54 ","wDA","proceed","G27v"
"L","E","J1( 240, 0) - D21( 0, 405) - A15( 810, 120) ","J1 - D21 - A15 ","xr","fall, caus. sxr overthrow","G27v"
"L","E","N29( 240, 0) - D21( 0, 420) - S29( 915, 30) - T19( 1350, 30) - G43( 1785, 30) - Q6( 2430, 105) ","N29 - D21 - S29 - T19 - G43 - Q6 ","qrsw","coffin","G27v"
"L","E","N37( 0, 0) - D36( 0, 375) - X1( 960, 45) - X1( 960, 480) - N18( 1395, 255) ","N37 - D36 - X1 - X1 - N18 ","Satt","bread or cake of some kind","G27v"
"L","E","J2( 240, 0) - D36( 0, 465) ","J2 - D36 ","wt","bandage, bind","G27v"
"L","E","G43( 0, 15) - X1( 705, 30) - J2( 705, 285) - A24( 1245, 0) ","G43 - X1 - J2 - A24 ","wt","bandage, bind","G27v"
"L","E","O4( 225, 0) - N35( 15, 495) - N35( 0, 750) - D1( 1050, 255) ","O4 - N35 - N35 - D1 ","hnn","attend to, assent to","G27v"
"L","E","F31( 0, 30) - S29( 540, 30) - X1( 1035, 0) - U30( 990, 270) - G1( 1440, 45) - N35A( 2040, 60) ","F31 - S29 - X1 - U30 - G1 - N35A ","mstA","a liquid of some sort","G27v"
"L","E","I9( 90, 0) - N35( 0, 285) - J1( 180, 450) - G43( 855, 120) - V1( 1515, 195) - A49( 1920, 105) - Z3( 2535, 150) ","I9 - N35 - J1 - G43 - V1 - A49 - Z3 ","fnxw","Syrians, hence Phoenicians","G27v"
"L","E","M18( 0, 15) - M17( 405, 30) - M17( 705, 30) - X1( 1185, 0) - G37( 1050, 210) ","M18 - M17 - M17 - X1 - G37 ","iyt","mishap, harm","G27v"
"L","E","S29( 0, 0) - J1( 510, 15) - D21( 285, 510) - A15( 1215, 135) ","S29 - J1 - D21 - A15 ","sxr","overthrow","G27v (causative)"
"L","E","S29( 0, 0) - V29( 405, 0) - V31( 795, 210) - A24( 1665, 45) ","S29 - V29 - V31 - A24 ","ski","destroy, empty out","G27v (verb  transitive)"
"L","E","J8( 15, 0) - N35( 0, 570) - Y1V( 930, 0) ","J8 - N35 - Y1V ","qn","complete, be complete","G27v (verb  transitive)"
"L","E","X1( 180, 15) - V31( 0, 225) - V31( 15, 510) - A24( 870, 0) ","X1 - V31 - V31 - A24 ","tkk","attack","G27v (verb)"
"L","E","V13( 15, 90) - N35( 0, 450) - T14( 840, 15) - G41( 1140, 0) ","V13 - N35 - T14 - G41 ","Tni","distinguish","G27v (verb)"
"L","E","S29( 0, 0) - J28( 420, 15) - D46( 720, 30) - W24( 945, 360) - P1( 1560, 135) ","S29 - J28 - D46 - W24 - P1 ","sqdw","travel by water, fare upon (river, sea)","G28v"
"L","E","X1( 0, 270) - M17( 510, 30) - X1( 780, 285) - M17( 1275, 0) - D56( 1530, 75) - D54( 2160, 135) ","X1 - M17 - X1 - M17 - D56 - D54 ","titi","trample down","G28v"
"L","E","I9( 0, 0) - N29( 165, 375) - G1( 765, 45) - N18( 1440, 60) - Y1( 1455, 465) ","I9 - N29 - G1 - N18 - Y1 ","fqA","reward","G28v"
"L","E","F25( 0, 0) - G17( 420, 0) - Y1V( 1395, 15) ","F25 - G17 - Y1V ","wHm","repeat","G28v"
"L","E","S29( 0, 60) - U1( 390, 75) - G1( 1245, 90) - G17( 1860, 90) - T30( 2685, 0) - D40( 2700, 420) ","S29 - U1 - G1 - G17 - T30 - D40 ","smA","slay","G28v"
"L","E","S29( 0, 255) - U1( 420, 0) - T30( 420, 660) ","S29 - U1 - T30 ","smA","slay","G28v"
"L","E","P4( 0, 0) - D36( 15, 420) - Z7( 975, 180) - A1( 1380, 60) ","P4 - D36 - Z7 - A1 ","wHa","fisherman","G28v"
"L","E","W11( 180, 0) - D21( 0, 420) - U17( 840, 90) - G37( 1695, 90) ","W11 - D21 - U17 - G37 ","grg","falsehood, lie","G28v"
"L","E","D58( 0, 0) - D46( 450, 15) - X1( 660, 510) - M34( 1320, 30) ","D58 - D46 - X1 - M34 ","bdt","emmer, a poor kind of cereal","G28v"
"L","E","M8( 0, 135) - G1( 885, 15) - D46( 1620, 0) - D40( 1575, 330) ","M8 - G1 - D46 - D40 ","SAd","excavate, dig out","G28v"
"L","E","D46( 0, 0) - Q3( 345, 480) - M17( 960, 0) - M17( 1260, 0) - I3( 1545, 240) ","D46 - Q3 - M17 - M17 - I3 ","dpy","crocodile (rare)","G28v"
"L","E","D58( 0, 15) - M17( 540, 15) - N41( 1080, 0) - F18( 825, 495) ","D58 - M17 - N41 - F18 ","biA","copper","G28v"
"L","E","N36( 0, 0) - N21( 90, 390) - Z1( 585, 330) ","N36 - N21 - Z1 ","mr","canal, lake","G28v"
"L","E","X1( 195, 0) - V31( 0, 330) - N35( 870, 0) - D54( 990, 165) ","X1 - V31 - N35 - D54 ","tkn","approach, with m, more rarely transitive","G28v"
"L","E","V30( 0, 0) ","V30 ","nbt","basket, island-home (?)","G28v"
"L","E","F31( 0, 0) - J1( 495, 195) - G4( 1005, 45) - U19( 1950, 75) ","F31 - J1 - G4 - U19 ","msxtyw","adze","G28v"
"L","E","M23( 0, 0) - G43( 540, 0) - X1( 1185, 0) - Z4( 1200, 345) - A40( 1590, 0) ","M23 - G43 - X1 - Z4 - A40 ","stX","Set","G28v"
"L","E","G1( 0, 0) - O34( 840, 0) - J1( 1080, 360) - T30( 1800, 120) "," G1 - O34 - J1 - T30 ","Asx","reap","G28v"
"L","E","S29( 0, 0) - S29( 300, 15) - N35( 630, 0) - D19( 690, 240) ","S29 - S29 - N35 - D19 ","ssn","breathe (trans.), smell","G28v (causative)"
"L","E","E20( 0, 0) - A41( 660, 15) ","E20 - A41 ","stX","Seth (god)","G28v (divinity)"
"L","E","G17( 0, 0) - D38( 855, 0) - V13( 840, 405) - N35( 1710, 75) - N25( 1710, 345) ","G17 - D38 - V13 - N35 - N25 ","mTn","Mitanni, a kingdom E. of the Euphrates","G28v (locality)"
"L","B","U23( 0, 30) - D58( 405, 30) - G43( 810, 30) - W6( 1575, 0) - N25( 1440, 420) ","U23 - D58 - G43 - W6 - N25 ","Abw","Elephantine, an island at the N. end of the First Cataract","G28v (locality)"
"L","E","S29( 0, 0) - D46( 255, 210) - G1( 1185, 15) - G33( 1980, 0) ","S29 - D46 - G1 - G33 ","sdA","tremble","G28v (verb  transitive)"
"L","E","S29( 0, 0) - D58( 285, 0) - M17( 810, 0) - A14( 1080, 105) ","S29 - D58 - M17 - A14 ","sbi","rebel","G28v (verb and noun)"
"L","E","F30( 0, 0) - D46( 15, 450) - A24( 825, 75) ","F30 - D46 - A24 ","Sdi","take out, extract, rescue, clear (a canal)","G28v (verb)"
"L","E","S29( 0, 15) - J18( 285, 15) - G1( 1110, 0) - A2( 1935, 0) ","S29 - J18 - G1 - A2 ","sAi","be satisfied","G28v (verb)"
"L","E","D61( 0, 60) - Z1( 900, 0) - F51( 795, 375) ","D61 - Z1 - F51 ","sAH","toe","G29v"
"L","E","E34B( 0, 0) ","E34B ","wnt","the Hare-nome, the 15th nome or province of Upper Egypt","G29v"
"L","E","M12( 0, 0) - G1( 420, 0) - G43( 1230, 30) - X1( 1860, 30) - R2( 2370, 30) ","M12 - G1 - G43 - X1 - R2 ","xAwt","table of offerings","G29v"
"L","E","V31( 30, 0) - X1( 0, 315) - X1( 510, 315) - G37( 1050, 0) ","V31 - X1 - X1 - G37 ","ktt","little, trifling","G29v"
"L","E","S38( 0, 15) - N29( 270, 225) - G1( 660, 0) - Y1V( 1485, 15) ","S38 - N29 - G1 - Y1V ","HqA","rule","G29v"
"L","E","S29( 0, 0) - V13( 330, 30) - V34( 540, 300) ","S29 - V13 - V34 ","sTi","perfume","G29v"
"L","E","S29( 0, 0) - X1( 345, 15) - Z4( 375, 435) - J2( 900, 165) ","S29 - X1 - Z4 - J2 ","sty","perfume","G29v"
"L","E","S29( 0, 0) - I9( 315, 30) - X1( 420, 435) - W22( 960, 150) ","S29 - I9 - X1 - W22 ","sft","oil for anointing","G29v"
"L","E","V28( 0, 0) - S29( 300, 0) - Y5( 585, 0) - N35( 555, 600) - U32( 1530, 15) - N33( 2160, 0) - Z2( 1950, 435) ","V28 - S29 - Y5 - N35 - U32 - N33 - Z2 ","Hsmn","natron","G29v"
"L","E","D60( 0, 0) - X1( 585, 15) - F51( 600, 330) ","D60 - X1 - F51 ","wabt","meat","G29v"
"L","E","X1( 0, 0) - U30( 0, 285) - G1( 510, 0) - Q7( 1320, 0) ","X1 - U30 - G1 - Q7 ","tA","be hot","G29v"
"L","E","L2( 0, 120) - X1( 930, 390) - W22( 1545, 0) - Z2( 1455, 540) ","L2 - X1 - W22 - Z2 ","bit","honey","G29v"
"L","E","J27( 0, 0) - W24( 405, 435) - A24( 810, 120) ","J27 - W24 - A24 ","nD","grind","G29v"
"L","E","D50( 0, 0) - Z1( 210, 180) ","D50 - Z1 ","Dba","finger","G29v"
"L","E","S29( 0, 15) - D46( 270, 225) - D58( 1185, 0) - A2( 1680, 0) ","S29 - D46 - D58 - A2 ","sdb","swallow","G29v"
"L","E","D36( 0, 0) - I9( 75, 390) - D46( 870, 15) - X1( 1125, 390) - M3( 1770, 180) ","D36 - I9 - D46 - X1 - M3 ","afdt","box","G29v"
"L","E","N29( 255, 0) - N35( 0, 345) - D46( 0, 540) - E32( 885, 180) ","N29 - N35 - D46 - E32 ","qnd","be angry, furious","G29v"
"L","E","N29( 255, 0) - N35( 0, 345) - D46( 0, 540) - E32( 885, 180) ","N29 - N35 - D46 - E32 ","qnd","be angry, furious","G29v"
"L","E","S29( 0, 15) - U1( 270, 15) - G1( 1170, 0) - G43( 1950, 15) - Z4( 2595, 30) - Y1V( 3105, 45) ","S29 - U1 - G1 - G43 - Z4 - Y1V ","smAwy","restore, renew","G29v (causative)"
"L","E","Y3( 0, 0) - Y1V( 645, 0) ","Y3 - Y1V ","sS","writing, papyrus, book","G29v (noun)"
"L","E","S29( 0, 0) - M17( 300, 15) - Q3( 705, 15) - X1( 570, 525) - Z4( 1320, 30) - Y1( 1095, 540) ","S29 - M17 - Q3 - X1 - Z4 - Y1 ","sip","inspection","G29v (noun)"
"L","E","S29( 0, 0) - G17( 390, 15) - M23( 1230, 30) - G43( 1725, 30) - A19( 2325, 30) ","S29 - G17 - M23 - G43 - A19 ","smsw","elder, eldest","G29v (noun)"
"L","E","J1( 0, 120) - D58( 510, 0) - Z9( 1020, 120) ","J1 - D58 - Z9 ","xbi","curtail, subtract","G29v (verb)"
"L","E","J1( 240, 15) - X1( 225, 765) - Y1( 855, 0) - D21( 0, 465) - Z2( 945, 705) ","J1 - X1 - Y1 - D21 - Z2 ","xrt","what belongs to someone or something","G30v"
"L","E","N41( 0, 195) - G17( 495, 0) - M3( 1410, 0) - J1( 1395, 360) - X1( 1920, 510) - D55( 2415, 75) ","N41 - G17 - M3 - J1 - X1 - D55 ","Hm  xt","retreat","G30v"
"L","E","N41( 0, 195) - G17( 510, 0) - D55( 1440, 150) ","N41 - G17 - D55 ","Hm","retire, flee","G30v"
"L","E","G1( 0, 120) - D21( 465, 0) - T12( 615, 255) - A24( 1200, 135) ","G1 - D21 - T12 - A24 ","Ar","restrain, hold back","G30v"
"L","E","F42( 15, 15) - D21( 0, 420) - X1( 810, 0) - Z4( 855, 375) - A1( 1260, 30) ","F42 - D21 - X1 - Z4 - A1 ","sprty","petitioner","G30v"
"L","E","O4( 90, 0) - Q3( 630, 165) - Y1( 0, 450) ","O4 - Q3 - Y1 ","hp","law","G30v"
"L","E","G43( 0, 225) - I10( 735, 0) - I9( 630, 750) - D54( 1485, 405) ","G43 - I10 - I9 - D54 ","wdf","lag, delay","G30v"
"L","E","J1( 195, 0) - N35( 0, 615) - T34( 945, 15) - G17( 1350, 30) - S29( 2295, 30) - A21( 2550, 30) - A1( 3195, 30) ","J1 - N35 - T34 - G17 - S29 - A21 - A1 ","xnms","friend","G30v"
"L","E","T24( 0, 0) - X1( 840, 30) - N21( 900, 375) ","T24 - X1 - N21 ","aHt","field, holding (of land)","G30v"
"L","E","J1( 240, 0) - D21( 0, 420) - P8( 870, 0) - G43( 1140, 0) - M17( 1755, 0) - M17( 2040, 0) - A13( 2325, 0) ","J1 - D21 - P8 - G43 - M17 - M17 - A13 ","xrwy","enemy","G30v"
"L","E","G43( 0, 0) - N23( 645, 0) - Z1( 735, 330) ","G43 - N23 - Z1 ","w","district, region","G30v"
"L","E","N37( 0, 0) - I9( 75, 240) - X1( 180, 480) - F7( 825, 150) ","N37 - I9 - X1 - F7 ","Sft","dignity, worth","G30v"
"L","E","N41( 0, 135) - G17( 390, 0) - D52( 1230, 165) ","N41 - G17 - D52 ","Hm","coward, poltroon","G30v"
"L","E","S29( 0, 0) - I10( 450, 15) - Z9( 480, 270) - A24( 1095, 30) ","S29 - I10 - Z9 - A24 ","sD","break, smash","G30v"
"L","E","N29( 225, 330) - N35( 0, 915) - D58( 945, 330) - X1( 1560, 285) - O38( 1455, 525) - A1( 2145, 0) - Z2( 2115, 765) ","N29 - N35 - D58 - X1 - O38 - A1 - Z2 ","qnbt","body of officials or magistrates","G30v"
"L","E","F32( 90, 0) - O34( 0, 390) - G37( 945, 0) ","F32 - O34 - G37 ","Xsi","be timid, weak, feeble","G30v"
"L","E","G1( 0, 30) - D46( 645, 0) - I3( 630, 405) ","G1 - D46 - I3 ","Ad","be aggressive, rage, resent","G30v"
"L","E","S42( 0, 0) - G17( 375, 15) - A24( 1185, 15) ","S42 - G17 - A24 ","sxm","be powerful, with m have power over, caus. ssxm strengthen","G30v"
"L","E","G21( 0, 0) - V28( 825, 0) - S29( 1095, 0) - Z4( 1350, 435) - A13( 1875, 30) ","G21 - V28 - S29 - Z4 - A13 ","nHsy","Nubian","G30v"
"L","E","J1( 0, 0) - X1( 15, 525) - G17( 525, 15) - S20( 1455, 195) - A24( 1755, 30) ","J1 - X1 - G17 - S20 - A24 ","xtm","shut, close, seal","G30v (verb)"
"L","E","T3( 0, 0) - X1( 270, 210) - S1( 675, 0) ","T3 - X1 - S1 ","HDt","the white crown of Upper Egypt","G31v"
"L","E","S29( 0, 0) - V13( 360, 15) - O34( 420, 480) - U39( 1215, 0) - Z3( 1575, 15) ","S29 - V13 - O34 - U39 - Z3 ","sTsw","supports","G31v"
"L","E","S43( 0, 15) - Z1( 615, 0) - M3( 285, 435) ","S43 - Z1 - M3 ","mdw","staff","G31v"
"L","E","N35( 0, 0) - I10( 75, 165) - O34( 945, 0) - Z7( 1185, 450) - G37( 1860, 0) - Z2( 1875, 600) ","N35 - I10 - O34 - Z7 - G37 - Z2 ","nDsw","poverty","G31v"
"L","E","F29( 0, 0) - X1( 975, 0) - D4( 930, 540) ","F29 - X1 - D4 ","sti","pierce, transfix (with look)","G31v"
"L","E","M36( 105, 0) - D21( 0, 555) - D36( 840, 15) - Z1( 1230, 480) ","M36 - D21 - D36 - Z1 ","Dr-a","originally, formerly","G31v"
"L","E","M8( 0, 150) - G1( 960, 0) - Y1V( 1785, 0) ","M8 - G1 - Y1V ","SA","appoint, command","G31v"
"L","E","N29( 0, 165) - U1( 375, 15) - T14( 1245, 15) - Y1V( 1560, 0) ","N29 - U1 - T14 - Y1V ","qmA","nature, form","G31v"
"L","E","G43( 0, 0) - V33( 615, 150) - V33( 1005, 150) - G37( 1380, 120) ","G43 - V33 - V33 - G37 ","wgg","misery, want","G31v"
"L","E","G43( 0, 15) - W11( 645, 0) - W11( 645, 405) - G37( 1170, 120) ","G43 - W11 - W11 - G37 ","wgg","misery, want","G31v"
"L","E","R8( 0, 0) - M17( 390, 0) - X1( 660, 495) ","R8 - M17 - X1 ","it nTr","father of the god, name od a class of elder priests","G31v"
"L","E","M17( 0, 0) - Q3( 570, 45) - Y1( 255, 495) ","M17 - Q3 - Y1 ","ip","calculate, reckon, caus. sip pass in review, examine","G31v"
"L","E","O1( 105, 15) - D21( 0, 525) - G43( 930, 0) - D54( 1575, 105) ","O1 - D21 - G43 - D54 ","prw","coming forth, prw n r utterance","G31v"
"L","E","G28( 0, 165) - G17( 930, 0) - V28( 1845, 0) - D5( 2115, 270) ","G28 - G17 - V28 - D5 ","gmH","look at","G31v"
"L","E","G17( 0, 0) - D36( 930, 0) - V31( 930, 510) - M16( 1860, 0) - D1( 2370, 165) ","G17 - D36 - V31 - M16 - D1 ","mkHA","be neglectful","G31v"
"L","E","X1( 255, 15) - U15( 0, 375) - G17( 915, 0) - Y1V( 1860, 0) ","X1 - U15 - G17 - Y1V ","tm","complete, perfect","G31v"
"L","E","S29( 0, 0) - D58( 270, 0) - N14( 780, 135) - G1( 1275, 15) - M17( 2100, 15) - M17( 2385, 30) - X1( 2880, 15) - Y1( 2655, 540) ","S29 - D58 - N14 - G1 - M17 - M17 - X1 - Y1 ","sbAyt","(written) teaching, instructions","G31v"
"L","E","G43( 0, 60) - D36( 645, 0) - D21( 660, 315) - X1( 870, 555) - D56( 1500, 75) ","G43 - D36 - D21 - X1 - D56 ","wart","leg","G31v "
"L","E","S29( 0, 0) - D58( 285, 15) - V31( 795, 0) - I5( 795, 405) - A40( 1725, 15) ","S29 - D58 - V31 - I5 - A40 ","sbk","Sobek (crocodile god)","G31v (divinity)"
"L","E","N24( 0, 0) - X1( 120, 480) - Z1( 585, 420) ","N24 - X1 - Z1 ","spAt","province, nome","G31v (nomos was the name given by the Greeks to the provinces of Egypt)"
"L","E","X1( 0, 0) - O4( 0, 300) - D56( 570, 0) - D54( 1185, 150) ","X1 - O4 - D56 - D54 ","thi","violate, transgress","G31v (verb  transitive)"
"L","E","T3( 0, 0) - I10( 315, 15) - Z9( 345, 300) - G37( 960, 120) ","T3 - I10 - Z9 - G37 ","HDi","damage, destroy","G31v (verb transitive)"
"L","E","I9( 15, 0) - G1( 0, 255) - A9( 795, 225) - A24( 1320, 225) ","I9 - G1 - A9 - A24 ","fAi","carry, lift","G31v (verb)"
"L","E","N35( 0, 0) - J1( 210, 330) - N35( 915, 0) - X1( 1110, 435) - A17( 1845, 15) ","N35 - J1 - N35 - X1 - A17 ","nxnt","youth, childhood","G32v"
"L","E","D21( 0, 240) - G43( 930, 0) - D46( 1545, 0) - O40( 1680, 315) ","D21 - G43 - D46 - O40 ","rwd","stairway","G32v"
"L","E","S29( 0, 45) - N29( 630, 45) - D21( 375, 450) - J7( 1395, 0) - T2( 1380, 315) ","S29 - N29 - D21 - J7 - T2 ","sqr","smite","G32v"
"L","E","J13( 0, 0) - Z1( 390, 255) ","J13 - Z1 ","gs","side, half, di Hr gs place on one side, dispose of, kill","G32v"
"L","E","D33( 75, 0) - N35( 0, 825) - P1( 915, 285) ","D33 - N35 - P1 ","Xni","row, trans. and intrans., convey by water","G32v"
"L","E","K4( 0, 195) - G1( 930, 0) - V31( 1740, 15) - F34( 2655, 0) - Z1( 2805, 450) - A13( 3180, 0) ","K4 - G1 - V31 - F34 - Z1 - A13 ","XAk-ib","rebel","G32v"
"L","E","D37( 0, 300) - D2( 990, 0) - Z1( 1155, 495) - J13( 1530, 90) - Z1( 1860, 465) ","D37 - D2 - Z1 - J13 - Z1 ","di Hr gs","place on one side, dispose of, kill","G32v"
"L","E","D36( 0, 0) - I10( 105, 345) - V26( 765, 435) - A2( 1620, 240) ","D36 - I10 - V26 - A2 ","aD","perceive","G32v"
"L","E","N35( 0, 15) - O4( 225, 315) - G43( 915, 0) - G37( 1560, 90) ","N35 - O4 - G43 - G37 ","nhw","loss","G32v"
"L","E","T28( 105, 195) - D21( 0, 810) - A1( 1005, 0) - B1( 1680, 0) - Z2( 1200, 780) ","T28 - D21 - A1 - B1 - Z2 ","Xryw","inhabitants, people","G32v"
"L","E","G43( 0, 0) - M16( 630, 0) - G1( 1155, 0) - A24( 1980, 0) ","G43 - M16 - G1 - A24 ","wHA","hew (stone), pull up (corn)","G32v"
"L","E","D36( 15, 0) - D21( 0, 345) - D21( 0, 570) - G43( 990, 45) - X1( 1725, 15) - O38( 1620, 270) ","D36 - D21 - D21 - G43 - X1 - O38 ","arrwt","gate","G32v"
"L","E","G43( 0, 0) - X1( 645, 15) - J1( 675, 360) - D56( 1200, 30) - D54( 1830, 150) ","G43 - X1 - J1 - D56 - D54 ","wtx","flee","G32v"
"L","E","J1( 255, 0) - D21( 0, 510) - G43( 930, 15) - A15( 1560, 135) ","J1 - D21 - G43 - A15 ","xrw","enemy","G32v"
"L","E","M40( 0, 315) - X1( 285, 315) - Z1( 435, 750) - A1( 870, 0) - Z2( 840, 750) ","M40 - X1 - Z1 - A1 - Z2 ","ist","crew","G32v"
"L","E","D52( 0, 0) - X1( 15, 435) - Z4( 450, 360) ","D52 - X1 - Z4 ","mty","controller","G32v"
"L","E","S29( 0, 0) - V28( 270, 15) - G43( 555, 15) - G41( 1185, 15) - Y1V( 2115, 30) ","S29 - V28 - G43 - G41 - Y1V ","sHwy","collect","G32v"
"L","E","M17( 0, 15) - G1( 300, 0) - N37( 825, 15) - A2( 1710, 15) ","M17 - G1 - N37 - A2 ","iAS","call, n a person","G32v"
"L","E","G43( 0, 0) - F30( 630, 15) - D46( 600, 450) - A2( 1545, 15) ","G43 - F30 - D46 - A2 ","wSd","address (someone), question (someone)","G32v"
"L","E","O28( 0, 30) - J32( 300, 15) - X1( 525, 285) - A13( 1035, 0) ","O28 - J32 - X1 - A13 ","iwnty-sty","Nubian foreigner (lit. bowman)","G32v"
"L","E","V28( 0, 30) - A25( 285, 15) - A24( 1080, 0) ","V28 - A25 - A24 ","Hii","strike, smite","G32v"
"L","E","V28( 0, 30) - A25( 285, 15) - A24( 1080, 0) ","V28 - A25 - A24 ","Hii","strike, smite","G32v"
"L","E","W11( 0, 360) - V4( 510, 195) - G1( 1455, 195) - V4( 2250, 195) - G1( 3135, 150) - D1( 4125, 0) - D40( 3915, 480) ","W11 - V4 - G1 - V4 - G1 - D1 - D40 ","gwAwA","constrict, put rope round neck of","G32v"
"L","E","W11( 0, 360) - V4( 510, 195) - G1( 1455, 195) - V4( 2250, 195) - G1( 3135, 150) - D1( 4125, 0) - D40( 3915, 480) ","W11 - V4 - G1 - V4 - G1 - D1 - D40 ","gwAwA","constrict, put rope round neck of","G32v"
"L","E","S29( 0, 0) - N29( 270, 195) - G1( 705, 15) - V28( 1560, 15) - D40( 1830, 195) ","S29 - N29 - G1 - V28 - D40 ","sqAH","plaster","G32v (causative of qAH clay, mud)"
"L","E","J27( 0, 0) - W24( 315, 420) - A2( 720, 0) ","J27 - W24 - A2 ","nD","ask, inquire, nD xrt inquire after health of, greet","G32v (verb transitive)"
"L","E","W17( 0, 0) - N35( 660, 0) - X1( 870, 420) - P2( 1440, 15) ","W17 - N35 - X1 - P2 ","xnti","sail upstream, travel southward","G32v (verb)"
"L","E","D2( 225, 15) - D21( 0, 495) - X1( 1185, 0) - N1( 930, 510) ","D2 - D21 - X1 - N1 ","Hrt","heaven","G33v"
"L","E","D1( 0, 0) - Z1( 135, 495) - D21( 540, 30) - D46( 525, 495) - D56( 1470, 30) - Y1V( 2130, 30) ","D1 - Z1 - D21 - D46 - D56 - Y1V ","tp-rd","rules, principles","G33v"
"L","E","N37( 0, 0) - I9( 60, 420) - N37( 930, 0) - I9( 1005, 420) - X1( 1845, 255) - F7( 2325, 180) ","N37 - I9 - N37 - I9 - X1 - F7 ","SfSft","respect, awe, dignity","G33v"
"L","E","M17( 0, 0) - Q3( 345, 0) - X1( 825, 0) - O45( 810, 315) ","M17 - Q3 - X1 - O45 ","ipt","private chamber, harim","G33v"
"L","E","M17( 0, 0) - Z11( 285, 15) - G17( 795, 0) - Z4( 1545, 15) - M3( 2070, 30) - J1( 2055, 375) - X1( 2565, 540) - D54( 3075, 165) ","M17 - Z11 - G17 - Z4 - M3 - J1 - X1 - D54 ","imy-xt","one who goes after or accompanies","G33v"
"L","E","R4( 165, 30) - X1( 0, 390) - Q3( 510, 330) - Z8( 1125, 0) - X1( 765, 405) - Z2( 1275, 315) ","R4 - X1 - Q3 - Z8 - X1 - Z2 ","Htpt","offerings","G33v"
"L","E","V22( 0, 135) - V28( 930, 15) - M17( 1185, 15) - M17( 1455, 0) - X1( 1695, 240) - P5( 2190, 45) ","V22 - V28 - M17 - M17 - X1 - P5 ","mHyt","north wind","G33v"
"L","E","D58( 0, 30) - M17( 525, 30) - W10( 1020, 30) - F18( 810, 480) - M17( 1755, 0) - M17( 2025, 0) - X1( 2295, 15) - Z5( 2325, 285) - Y1( 2805, 30) - Z2( 2910, 450) ","D58 - M17 - W10 - F18 - M17 - M17 - X1 - Z5 - Y1 - Z2 ","biAyt","marvels, wonder","G33v"
"L","E","W14( 0, 0) - G43( 255, 15) - A2( 885, 15) ","W14 - G43 - A2 ","Hsw","singer","G33v"
"L","E","V28( 0, 0) - T28( 255, 105) - D58( 1005, 0) ","V28 - T28 - D58 ","Xry  Hbt","lector-priest","G33v"
"L","E","T28( 105, 0) - D21( 0, 555) - V28( 885, 30) - D58( 1140, 30) - W3( 1635, 15) - N5( 1845, 330) - A1( 2505, 30) ","T28 - D21 - V28 - D58 - W3 - N5 - A1 ","Xry  Hbt","lector-priest","G33v"
"L","E","S29( 0, 0) - T31( 240, 135) - G17( 1170, 30) - D54( 2085, 165) ","S29 - T31 - G17 - D54 ","sSm","lead, guide","G33v"
"L","E","G43( 0, 0) - S29( 660, 0) - J1( 990, 0) - X1( 960, 525) - O15( 1515, 0) ","G43 - S29 - J1 - X1 - O15 ","wsxt","hall, court (in temple or palace)","G33v"
"L","E","I10( 270, 0) - I9( 0, 510) - G1( 1110, 0) - N18( 1905, 0) - Z2( 2040, 435) ","I10 - I9 - G1 - N18 - Z2 ","DfA","food","G33v"
"L","E","D46( 0, 0) - O34( 15, 630) - T30( 945, 15) - O39( 1005, 555) ","D46 - O34 - T30 - O39 ","ds","flint","G33v"
"L","E","G17( 30, 0) - D36( 0, 780) - N37( 930, 120) - D21( 900, 765) - E23( 1815, 390) - G43( 2685, 135) - N2( 3345, 120) ","G17 - D36 - N37 - D21 - E23 - G43 - N2 ","mSrw","evening","G33v"
"L","E","V13( 0, 0) - N35( 0, 300) - X1( 210, 510) - T14( 945, 0) - G41( 1200, 0) - Y1( 2115, 15) - Z2( 2265, 435) ","V13 - N35 - X1 - T14 - G41 - Y1 - Z2 ","Tnt","difference","G33v"
"L","E","V28( 0, 60) - S29( 315, 60) - N29( 930, 0) - T30( 615, 285) ","V28 - S29 - N29 - T30 ","Hsq","cut off","G33v"
"L","E","E9( 0, 120) - G36( 930, 0) - D21( 915, 495) - B12( 1845, 0) ","E9 - G36 - D21 - B12 ","iwr","become pregnant","G33v"
"L","E","G36( 15, 0) - D21( 0, 585) - U2( 975, 0) - Z2( 1110, 510) ","G36 - D21 - U2 - Z2 ","wr-mAw","'Greatest-of-seers', name of the high-priest of Heliopolis","G33v"
"L","E","U24( 0, 0) - X1( 630, 15) - Y1( 405, 510) ","U24 - X1 - Y1 ","Hmt","craft, craftmanship","G33v"
"L","E","O22( 0, 0) - Z1( 1305, 0) - Y1( 945, 360) ","O22 - Z1 - Y1 ","sH","counsel","G33v"
